Date,Location,Latitude,Longitude,SST (°C),pH Level,Species Observed,RF_Predicted_Species,Prediction_Error,Risk_Cluster
2015-01-01,Red Sea,20.0248,38.4931,29.47,8.107,106,111.97,-5.97,At_Risk
2015-01-07,Great Barrier Reef,-18.2988,147.7782,29.65,8.004,116,112.29,3.71,At_Risk
2015-01-14,Caribbean Sea,14.9768,-75.0233,28.86,7.947,90,118.36,-28.36,Critical
2015-01-20,Great Barrier Reef,-18.3152,147.6486,28.97,7.995,94,118.32,-24.32,Critical
2015-01-27,Galápagos,-0.8805,-90.9769,28.6,7.977,110,119.22,-9.22,At_Risk
2015-02-02,Red Sea,20.0055,38.4425,29.06,8.009,109,116.12,-7.12,At_Risk
2015-02-09,South China Sea,9.9699,115.0926,28.48,7.998,132,119.22,12.78,At_Risk
2015-02-16,Red Sea,19.939,38.5104,25.56,8.042,152,152.43,-0.43,Stable
2015-02-22,Maldives,3.2397,73.2293,28.33,8.038,99,118.55,-19.55,At_Risk
2015-03-01,Caribbean Sea,14.964,-75.023,30.09,8.035,77,108.87,-31.87,Critical
2015-03-07,Galápagos,-0.9376,-90.9849,27.48,8.101,145,129.74,15.26,Stable
2015-03-14,Caribbean Sea,15.0466,-75.042,28.04,8.076,139,123.51,15.49,Stable
2015-03-21,Galápagos,-0.9778,-90.9749,26.84,8.023,148,148.7,-0.7,Stable
2015-03-27,South China Sea,10.0678,114.9964,30.01,8.038,95,109.57,-14.57,Critical
2015-04-03,Red Sea,20.0181,38.5769,28.45,8.129,81,116.76,-35.76,At_Risk
2015-04-09,South China Sea,10.0411,115.0044,28.05,8.064,94,123.25,-29.25,At_Risk
2015-04-16,Caribbean Sea,14.989,-74.9821,30.72,7.98,85,99.48,-14.48,Critical
2015-04-22,Caribbean Sea,14.9749,-74.9542,28.99,8.014,122,116.92,5.08,At_Risk
2015-04-29,Caribbean Sea,15.0049,-74.9516,27.45,8.055,124,127.94,-3.94,At_Risk
2015-05-06,Maldives,3.1296,73.2355,28.89,8.042,112,118.39,-6.39,At_Risk
2015-05-12,Great Barrier Reef,-18.3579,147.6782,27.99,8.02,122,123.34,-1.34,At_Risk
2015-05-19,Hawaiian Islands,19.917,-155.4885,28.76,8.058,116,118.27,-2.27,At_Risk
2015-05-25,Great Barrier Reef,-18.383,147.6979,28.59,8.171,116,116.84,-0.84,Stable
2015-06-01,Great Barrier Reef,-18.272,147.6975,26.75,8.142,148,142.41,5.59,Stable
2015-06-08,Red Sea,20.0396,38.4545,30.6,7.938,107,102.67,4.33,Critical
2015-06-14,Red Sea,20.1095,38.4505,27.65,8.072,120,128.79,-8.79,At_Risk
2015-06-21,Hawaiian Islands,19.8193,-155.5794,26.91,8.106,122,138.2,-16.2,Stable
2015-06-27,Galápagos,-0.8763,-91.0048,28.02,8.1,106,123.65,-17.65,At_Risk
2015-07-04,Galápagos,-0.9424,-90.9002,26.09,8.107,148,144.94,3.06,Stable
2015-07-10,Maldives,3.2419,73.1589,26.52,8.116,144,142.73,1.27,Stable
2015-07-17,Red Sea,20.0125,38.5173,27.48,8.082,134,129.33,4.67,Stable
2015-07-24,Great Barrier Reef,-18.3228,147.7925,29.21,7.976,122,114.67,7.33,At_Risk
2015-07-30,Maldives,3.1541,73.2601,30.24,7.974,117,102.96,14.04,Critical
2015-08-06,Red Sea,20.0206,38.5411,31.35,7.981,80,97.06,-17.06,Critical
2015-08-12,South China Sea,9.9555,114.9592,28.38,8.069,125,118.1,6.9,At_Risk
2015-08-19,Hawaiian Islands,19.9382,-155.5821,30.68,7.993,138,101.29,36.71,At_Risk
2015-08-26,Caribbean Sea,15.0313,-75.0429,26.89,8.106,132,141.93,-9.93,Stable
2015-09-01,Caribbean Sea,15.0357,-74.9763,28.39,8.01,98,118.21,-20.21,At_Risk
2015-09-08,Great Barrier Reef,-18.3094,147.742,28.82,7.981,119,119.22,-0.22,At_Risk
2015-09-14,South China Sea,10.0193,114.9558,28.73,8.048,100,118.27,-18.27,At_Risk
2015-09-21,Galápagos,-0.9359,-90.9376,30.12,8.07,83,103.65,-20.65,Critical
2015-09-27,South China Sea,9.9531,115.0258,29.27,8.06,170,113.96,56.04,Stable
2015-10-04,Red Sea,20.0285,38.5568,29.93,8.054,100,109.89,-9.89,Critical
2015-10-11,Red Sea,20.0379,38.4614,28.14,8.033,124,119.91,4.09,At_Risk
2015-10-17,Maldives,3.3185,73.1273,29.53,7.949,102,111.99,-9.99,Critical
2015-10-24,Galápagos,-0.8994,-90.9624,26.88,8.047,146,148.13,-2.13,Stable
2015-10-30,Great Barrier Reef,-18.3236,147.71,28.57,8.016,151,118.41,32.59,At_Risk
2015-11-06,Great Barrier Reef,-18.2554,147.5979,28.78,8.011,129,118.41,10.59,At_Risk
2015-11-13,Galápagos,-0.9934,-90.9713,29.26,8.078,94,113.83,-19.83,At_Risk
2015-11-19,Hawaiian Islands,19.8801,-155.6065,27.52,8.158,135,129.89,5.11,Stable
2015-11-26,South China Sea,9.937,115.0459,31.68,8.038,65,89.58,-24.58,Critical
2015-12-02,Red Sea,19.9758,38.5633,27.44,8.093,142,128.92,13.08,Stable
2015-12-09,Hawaiian Islands,19.8505,-155.5858,23.64,8.096,164,153.81,10.19,Stable
2015-12-16,Galápagos,-1.0162,-90.884,26.35,8.071,143,146.6,-3.6,Stable
2015-12-22,Great Barrier Reef,-18.215,147.6274,30.24,8.016,87,103.12,-16.12,Critical
2015-12-29,South China Sea,10.0231,115.01,27.6,8.071,123,128.38,-5.38,At_Risk
2016-01-04,Galápagos,-0.9481,-90.9325,30.88,7.941,128,101.38,26.62,Critical
2016-01-11,Maldives,3.1052,73.2131,29.38,8.046,101,113.6,-12.6,At_Risk
2016-01-17,Hawaiian Islands,19.8864,-155.6075,27.62,8.11,134,129.58,4.42,Stable
2016-01-24,Red Sea,19.9654,38.545,28.96,8.081,124,118.14,5.86,At_Risk
2016-01-31,Galápagos,-0.9952,-90.9936,29.62,8.058,108,111.94,-3.94,At_Risk
2016-02-06,Hawaiian Islands,19.9027,-155.5189,27.61,8.095,125,129.58,-4.58,Stable
2016-02-13,South China Sea,9.9891,115.0549,29.74,8.066,127,110.76,16.24,At_Risk
2016-02-19,Great Barrier Reef,-18.286,147.7333,28.03,8.076,122,123.51,-1.51,At_Risk
2016-02-26,South China Sea,10.0048,115.0298,27.27,8.179,117,128.33,-11.33,Stable
2016-03-04,South China Sea,9.9393,115.0579,29.69,8.057,117,111.94,5.06,At_Risk
2016-03-10,Red Sea,19.9994,38.4551,28.61,8.014,133,118.41,14.59,At_Risk
2016-03-17,Red Sea,19.9926,38.4587,28.02,8.08,116,123.51,-7.51,At_Risk
2016-03-23,Great Barrier Reef,-18.3282,147.7114,28.87,8.017,109,118.47,-9.47,At_Risk
2016-03-30,Maldives,3.2144,73.1483,26.39,8.056,137,146.84,-9.84,Stable
2016-04-05,Galápagos,-0.9383,-90.8918,29.79,8.016,106,110.87,-4.87,Critical
2016-04-12,Great Barrier Reef,-18.3372,147.6983,28.07,8.075,111,124.45,-13.45,At_Risk
2016-04-19,Hawaiian Islands,19.9228,-155.5062,28.34,8.073,131,118.1,12.9,At_Risk
2016-04-25,Galápagos,-0.9739,-90.9544,28.52,8.055,108,118.27,-10.27,At_Risk
2016-05-02,Maldives,3.204,73.2456,30.68,8.054,130,101.25,28.75,At_Risk
2016-05-08,Great Barrier Reef,-18.3255,147.7428,28.78,8.154,105,116.84,-11.84,At_Risk
2016-05-15,Galápagos,-0.9958,-90.9956,25.31,8.087,140,153.66,-13.66,Stable
2016-05-22,Caribbean Sea,15.0075,-74.9829,31.31,8.041,83,98.1,-15.1,Critical
2016-05-28,South China Sea,9.9551,115.0246,26.52,8.181,157,142.07,14.93,Stable
2016-06-04,Caribbean Sea,14.9765,-75.0857,30.53,8.004,118,100.1,17.9,Critical
2016-06-10,Galápagos,-1.0335,-90.9956,28.51,8.052,113,118.27,-5.27,At_Risk
2016-06-17,Caribbean Sea,15.0311,-75.0534,28.29,8.06,129,119.99,9.01,At_Risk
2016-06-23,Great Barrier Reef,-18.2515,147.643,26.2,8.16,147,144.26,2.74,Stable
2016-06-30,Maldives,3.1654,73.2983,28.67,8.105,119,117.95,1.05,At_Risk
2016-07-07,Great Barrier Reef,-18.1841,147.787,28.13,8.106,133,120.02,12.98,Stable
2016-07-13,Maldives,3.2712,73.1725,29.53,8.082,83,111.76,-28.76,Critical
2016-07-20,South China Sea,9.9408,114.898,28.1,8.094,146,126.18,19.82,Stable
2016-07-26,Great Barrier Reef,-18.2834,147.7806,26.43,8.006,139,148.6,-9.6,Stable
2016-08-02,Red Sea,20.0192,38.4984,25.4,8.108,131,147.17,-16.17,Stable
2016-08-09,Galápagos,-0.9203,-90.9473,27.09,8.053,118,127.54,-9.54,At_Risk
2016-08-15,Great Barrier Reef,-18.2902,147.747,27.02,8.105,126,130.38,-4.38,Stable
2016-08-22,Galápagos,-0.9934,-90.971,26.95,8.053,117,132.27,-15.27,At_Risk
2016-08-28,Maldives,3.301,73.2225,27.45,8.082,128,128.83,-0.83,Stable
2016-09-04,Caribbean Sea,14.989,-74.9693,29.64,8.001,100,112.29,-12.29,Critical
2016-09-11,Caribbean Sea,14.9862,-75.1151,26.23,8.164,167,144.45,22.55,Stable
2016-09-17,Red Sea,19.9875,38.5288,28.97,8.195,132,116.05,15.95,Stable
2016-09-24,Caribbean Sea,14.9936,-75.0478,26.09,8.108,132,144.52,-12.52,Stable
2016-09-30,Hawaiian Islands,19.8257,-155.6151,26.88,8.167,149,142.43,6.57,Stable
2016-10-07,South China Sea,9.9996,115.074,28.62,8.005,141,118.95,22.05,At_Risk
2016-10-13,Great Barrier Reef,-18.2602,147.6473,28.21,8.012,102,119.37,-17.37,At_Risk
2016-10-20,Great Barrier Reef,-18.2408,147.7947,26.4,8.12,131,142.73,-11.73,Stable
2016-10-27,Great Barrier Reef,-18.3115,147.6696,27.2,8.078,120,128.36,-8.36,Stable
2016-11-02,Hawaiian Islands,19.9103,-155.5853,28.14,8.012,114,119.8,-5.8,At_Risk
2016-11-09,South China Sea,10.0378,115.025,27.03,8.084,145,129.97,15.03,Stable
2016-11-15,Great Barrier Reef,-18.3706,147.7264,27.51,8.098,118,130.26,-12.26,Stable
2016-11-22,Galápagos,-1.044,-91.047,28.57,8.062,105,118.37,-13.37,At_Risk
2016-11-29,South China Sea,10.0319,114.9169,28.4,7.991,111,119.15,-8.15,At_Risk
2016-12-05,Maldives,3.2052,73.1777,27.92,8.112,117,126.11,-9.11,Stable
2016-12-12,Galápagos,-0.912,-91.0221,29.29,8.106,74,112.3,-38.3,Critical
2016-12-18,Caribbean Sea,14.9602,-74.9711,28.2,8.075,113,119.44,-6.44,At_Risk
2016-12-25,Great Barrier Reef,-18.2828,147.6914,30.25,8.028,107,103.01,3.99,Critical
2016-12-31,Great Barrier Reef,-18.3077,147.6748,27.85,8.083,120,125.79,-5.79,At_Risk
2017-01-07,Great Barrier Reef,-18.2726,147.803,29.81,8.008,124,110.94,13.06,At_Risk
2017-01-14,Great Barrier Reef,-18.3075,147.5973,26.99,7.987,129,131.25,-2.25,At_Risk
2017-01-20,Hawaiian Islands,19.8977,-155.499,28.99,8.029,127,116.92,10.08,At_Risk
2017-01-27,South China Sea,9.8894,115.0118,29.66,7.953,125,112.29,12.71,Critical
2017-02-02,Galápagos,-0.9369,-90.9864,29.45,8.145,113,111.5,1.5,At_Risk
2017-02-09,Great Barrier Reef,-18.2747,147.6762,27.23,8.117,119,128.52,-9.52,Stable
2017-02-16,Hawaiian Islands,19.9004,-155.6067,29.22,8.052,128,114.01,13.99,At_Risk
2017-02-22,Hawaiian Islands,19.8713,-155.5963,27.03,8.057,140,129.09,10.91,Stable
2017-03-01,Galápagos,-0.916,-91.0117,29.8,8.092,113,111.42,1.58,At_Risk
2017-03-07,Maldives,3.2966,73.182,26.63,7.998,161,148.7,12.3,Stable
2017-03-14,Red Sea,20.0327,38.4972,28.92,7.985,152,119.46,32.54,At_Risk
2017-03-20,Caribbean Sea,15.0065,-74.9945,29.59,8.052,112,112.0,0.0,At_Risk
2017-03-27,South China Sea,9.9605,115.0236,31.32,8.061,115,98.16,16.84,Critical
2017-04-03,Red Sea,19.9744,38.4505,28.31,8.057,138,119.46,18.54,At_Risk
2017-04-09,Red Sea,19.9154,38.5765,28.26,8.033,107,119.67,-12.67,At_Risk
2017-04-16,Galápagos,-1.0365,-90.9244,28.61,7.983,99,119.22,-20.22,Critical
2017-04-22,Hawaiian Islands,19.88,-155.4993,28.11,7.983,120,125.35,-5.35,At_Risk
2017-04-29,Hawaiian Islands,19.8832,-155.7176,28.42,8.04,131,118.26,12.74,At_Risk
2017-05-06,Great Barrier Reef,-18.1947,147.7555,28.1,8.003,162,127.15,34.85,Stable
2017-05-12,South China Sea,10.003,115.0007,28.46,8.061,118,118.37,-0.37,At_Risk
2017-05-19,South China Sea,9.9713,114.9727,28.45,8.024,109,118.33,-9.33,At_Risk
2017-05-25,Hawaiian Islands,19.9021,-155.5955,30.76,7.872,113,102.85,10.15,Critical
2017-06-01,Hawaiian Islands,19.9591,-155.6865,27.99,8.042,104,123.46,-19.46,At_Risk
2017-06-07,South China Sea,9.9611,114.9445,31.13,8.044,112,98.41,13.59,Critical
2017-06-14,Red Sea,20.0361,38.4435,27.71,8.09,109,124.8,-15.8,At_Risk
2017-06-21,Galápagos,-0.9182,-90.9776,27.94,8.097,132,126.0,6.0,Stable
2017-06-27,South China Sea,9.982,115.058,26.88,8.113,145,142.66,2.34,Stable
2017-07-04,Hawaiian Islands,19.8813,-155.5665,26.62,8.134,135,142.48,-7.48,Stable
2017-07-10,Galápagos,-0.9799,-90.9131,27.44,8.001,107,129.35,-22.35,At_Risk
2017-07-17,Hawaiian Islands,19.9271,-155.6468,31.13,7.893,119,102.15,16.85,Critical
2017-07-24,Great Barrier Reef,-18.2765,147.6944,27.68,8.086,127,130.56,-3.56,Stable
2017-07-30,Great Barrier Reef,-18.2319,147.7049,28.73,8.027,116,118.41,-2.41,At_Risk
2017-08-06,Hawaiian Islands,19.9122,-155.6683,26.48,8.128,142,142.73,-0.73,Stable
2017-08-12,Hawaiian Islands,19.8876,-155.5819,29.02,8.013,103,116.12,-13.12,At_Risk
2017-08-19,South China Sea,10.0098,114.9511,29.11,7.953,129,116.02,12.98,At_Risk
2017-08-26,Maldives,3.2264,73.2335,29.97,8.104,120,111.09,8.91,At_Risk
2017-09-01,Great Barrier Reef,-18.3791,147.6352,27.56,8.07,137,129.42,7.58,Stable
2017-09-08,South China Sea,9.9637,115.0093,27.37,8.042,110,127.55,-17.55,At_Risk
2017-09-14,Hawaiian Islands,19.8506,-155.6504,27.04,8.132,120,128.79,-8.79,Stable
2017-09-21,Maldives,3.3344,73.2454,28.78,8.002,127,119.16,7.84,At_Risk
2017-09-27,Great Barrier Reef,-18.3159,147.7053,32.34,7.968,98,89.99,8.01,Critical
2017-10-04,Caribbean Sea,14.9648,-75.0017,31.16,7.966,120,98.46,21.54,Critical
2017-10-11,Great Barrier Reef,-18.2517,147.6711,29.45,8.08,119,113.22,5.78,At_Risk
2017-10-17,Red Sea,19.9215,38.4636,28.13,8.054,133,120.73,12.27,At_Risk
2017-10-24,South China Sea,10.0089,114.9332,29.07,8.069,122,116.08,5.92,At_Risk
2017-10-30,Maldives,3.2568,73.2624,29.19,8.033,88,114.08,-26.08,Critical
2017-11-06,Great Barrier Reef,-18.2656,147.7096,28.91,7.978,99,119.28,-20.28,Critical
2017-11-13,Great Barrier Reef,-18.2344,147.6972,29.52,8.031,110,112.53,-2.53,At_Risk
2017-11-19,Galápagos,-0.9069,-90.9914,28.64,8.024,112,118.41,-6.41,At_Risk
2017-11-26,Hawaiian Islands,19.8813,-155.5717,27.78,8.127,113,125.53,-12.53,Stable
2017-12-02,Galápagos,-0.9631,-90.9876,30.67,8.016,113,101.04,11.96,Critical
2017-12-09,Galápagos,-1.0281,-90.9522,29.83,8.027,122,110.64,11.36,At_Risk
2017-12-15,Great Barrier Reef,-18.313,147.7697,31.95,7.963,78,89.86,-11.86,Critical
2017-12-22,Maldives,3.2755,73.2997,27.72,8.045,123,124.37,-1.37,At_Risk
2017-12-29,South China Sea,9.9328,114.9541,26.99,8.042,134,129.62,4.38,Stable
2018-01-04,Red Sea,20.0117,38.5775,27.0,8.129,131,129.94,1.06,Stable
2018-01-11,Maldives,3.2003,73.2544,26.82,8.103,139,145.03,-6.03,Stable
2018-01-17,Great Barrier Reef,-18.2625,147.7137,32.18,7.944,75,88.3,-13.3,Critical
2018-01-24,Great Barrier Reef,-18.3183,147.6714,27.54,8.129,150,130.51,19.49,Stable
2018-01-31,Red Sea,19.9715,38.4584,29.21,8.008,122,114.31,7.69,At_Risk
2018-02-06,Great Barrier Reef,-18.277,147.6234,30.82,8.093,87,99.6,-12.6,Critical
2018-02-13,Maldives,3.1834,73.235,29.0,8.073,145,116.81,28.19,At_Risk
2018-02-19,Great Barrier Reef,-18.2959,147.6593,26.43,8.055,140,146.84,-6.84,Stable
2018-02-26,Galápagos,-0.8641,-90.9915,28.84,8.042,134,118.39,15.61,At_Risk
2018-03-04,Hawaiian Islands,20.0231,-155.6093,27.77,8.117,137,125.53,11.47,Stable
2018-03-11,Red Sea,20.0923,38.5292,27.96,8.09,142,125.23,16.77,Stable
2018-03-18,Maldives,3.2438,73.2461,30.1,8.076,124,108.72,15.28,At_Risk
2018-03-24,Great Barrier Reef,-18.2547,147.6908,28.72,8.106,105,117.29,-12.29,At_Risk
2018-03-31,Maldives,3.2212,73.201,28.54,8.113,122,117.29,4.71,At_Risk
2018-04-06,Great Barrier Reef,-18.2848,147.6312,29.62,8.06,141,112.04,28.96,At_Risk
2018-04-13,Caribbean Sea,14.9846,-74.989,28.87,8.121,114,117.35,-3.35,At_Risk
2018-04-20,Galápagos,-0.9398,-90.9352,28.78,8.022,120,118.41,1.59,At_Risk
2018-04-26,Hawaiian Islands,19.9505,-155.6341,28.7,8.011,135,118.41,16.59,At_Risk
2018-05-03,Great Barrier Reef,-18.3633,147.6713,29.07,8.117,113,114.68,-1.68,At_Risk
2018-05-09,Great Barrier Reef,-18.3149,147.7933,26.33,7.984,148,148.6,-0.6,Stable
2018-05-16,Maldives,3.1777,73.1696,29.56,8.041,100,112.06,-12.06,Critical
2018-05-23,Hawaiian Islands,19.8328,-155.5392,29.48,8.026,137,113.55,23.45,At_Risk
2018-05-29,Maldives,3.1493,73.1444,27.46,8.068,134,128.27,5.73,Stable
2018-06-05,Maldives,3.1907,73.2383,26.62,8.16,137,142.32,-5.32,Stable
2018-06-11,Great Barrier Reef,-18.2312,147.7163,29.19,8.065,119,114.05,4.95,At_Risk
2018-06-18,Hawaiian Islands,19.9289,-155.5163,28.79,8.08,115,118.16,-3.16,At_Risk
2018-06-24,Hawaiian Islands,19.9688,-155.6166,31.2,7.994,71,98.63,-27.63,Critical
2018-07-01,Hawaiian Islands,19.9032,-155.6169,29.76,7.992,100,111.0,-11.0,Critical
2018-07-08,Caribbean Sea,14.9055,-75.0226,24.86,8.044,167,156.34,10.66,Stable
2018-07-14,Caribbean Sea,15.0393,-74.9787,27.05,8.077,134,128.75,5.25,Stable
2018-07-21,Great Barrier Reef,-18.345,147.7744,29.82,8.013,107,110.64,-3.64,Critical
2018-07-27,South China Sea,10.0104,114.8979,28.13,8.023,108,120.62,-12.62,At_Risk
2018-08-03,Red Sea,19.9859,38.5899,29.46,8.002,118,113.62,4.38,At_Risk
2018-08-10,Hawaiian Islands,19.9668,-155.5366,28.59,8.016,129,118.41,10.59,At_Risk
2018-08-16,Great Barrier Reef,-18.2674,147.744,29.45,8.083,102,113.0,-11.0,At_Risk
2018-08-23,South China Sea,10.0659,115.0099,31.61,7.953,114,94.99,19.01,Critical
2018-08-29,Caribbean Sea,15.0099,-75.0326,27.77,8.048,133,124.93,8.07,At_Risk
2018-09-05,Red Sea,20.0261,38.4713,28.46,8.158,146,116.84,29.16,Stable
2018-09-11,Maldives,3.2246,73.2226,28.68,8.077,102,118.16,-16.16,At_Risk
2018-09-18,Maldives,3.1899,73.1373,29.1,8.07,106,115.65,-9.65,At_Risk
2018-09-25,Hawaiian Islands,19.9755,-155.6441,26.3,8.105,157,145.78,11.22,Stable
2018-10-01,Galápagos,-0.8696,-90.9885,30.12,8.016,101,104.07,-3.07,Critical
2018-10-08,Red Sea,20.0442,38.5326,26.14,8.171,164,144.01,19.99,Stable
2018-10-14,Caribbean Sea,14.9687,-74.9802,29.24,8.048,104,113.92,-9.92,At_Risk
2018-10-21,Great Barrier Reef,-18.3207,147.6979,30.26,8.042,96,102.65,-6.65,Critical
2018-10-28,Caribbean Sea,15.0386,-75.1424,30.22,7.929,97,104.06,-7.06,Critical
2018-11-03,Great Barrier Reef,-18.3431,147.6345,30.24,7.992,107,103.12,3.88,Critical
2018-11-10,Hawaiian Islands,19.8945,-155.5589,28.62,7.984,133,119.22,13.78,At_Risk
2018-11-16,Red Sea,19.9753,38.4222,27.86,8.138,139,125.86,13.14,Stable
2018-11-23,Great Barrier Reef,-18.3045,147.6817,28.02,8.163,130,123.01,6.99,Stable
2018-11-29,Caribbean Sea,15.0215,-74.9485,28.86,8.03,113,118.47,-5.47,At_Risk
2018-12-06,Hawaiian Islands,19.8932,-155.5847,29.59,8.031,120,112.22,7.78,At_Risk
2018-12-13,Hawaiian Islands,19.8928,-155.5789,25.5,8.156,155,146.6,8.4,Stable
2018-12-19,Caribbean Sea,15.0499,-75.1448,31.63,7.98,105,95.12,9.88,Critical
2018-12-26,Red Sea,19.948,38.5306,26.92,8.05,164,141.46,22.54,Stable
2019-01-01,Great Barrier Reef,-18.2966,147.7101,29.81,8.049,109,110.72,-1.72,At_Risk
2019-01-08,South China Sea,10.0182,115.1202,28.41,8.062,136,118.3,17.7,At_Risk
2019-01-15,Red Sea,20.0553,38.5594,29.46,7.974,134,113.8,20.2,At_Risk
2019-01-21,South China Sea,9.9427,115.0151,27.37,8.069,136,127.72,8.28,Stable
2019-01-28,Red Sea,20.0161,38.5211,30.92,8.024,92,98.63,-6.63,Critical
2019-02-03,Great Barrier Reef,-18.2389,147.7587,26.66,8.117,148,142.83,5.17,Stable
2019-02-10,Hawaiian Islands,19.8819,-155.514,28.27,8.061,119,119.77,-0.77,At_Risk
2019-02-17,Red Sea,20.0008,38.4452,26.34,8.173,128,142.07,-14.07,Stable
2019-02-23,Galápagos,-1.0034,-91.0733,27.54,8.003,154,131.05,22.95,Stable
2019-03-02,Galápagos,-0.9033,-91.0,31.88,8.032,81,89.29,-8.29,Critical
2019-03-08,Hawaiian Islands,19.7718,-155.4683,26.42,8.009,156,148.6,7.4,Stable
2019-03-15,Red Sea,20.122,38.5692,29.35,8.063,124,113.7,10.3,At_Risk
2019-03-21,South China Sea,10.0379,115.0141,28.66,8.044,107,118.33,-11.33,At_Risk
2019-03-28,Caribbean Sea,14.986,-75.0846,28.35,8.004,104,118.76,-14.76,At_Risk
2019-04-04,Red Sea,20.009,38.5696,29.88,7.944,91,108.94,-17.94,Critical
2019-04-10,South China Sea,10.047,114.9509,28.16,8.084,108,119.16,-11.16,At_Risk
2019-04-17,Red Sea,20.0053,38.4333,27.6,8.084,105,129.17,-24.17,At_Risk
2019-04-23,Maldives,3.2248,73.2197,29.33,8.045,132,113.72,18.28,At_Risk
2019-04-30,Red Sea,20.0063,38.4785,28.68,8.073,118,118.29,-0.29,At_Risk
2019-05-07,Maldives,3.2048,73.1856,27.51,8.0,156,130.8,25.2,Stable
2019-05-13,Hawaiian Islands,19.8346,-155.6174,27.42,8.116,126,128.92,-2.92,Stable
2019-05-20,Hawaiian Islands,19.9592,-155.6165,28.92,8.0,147,119.46,27.54,At_Risk
2019-05-26,Maldives,3.1434,73.2362,29.45,8.052,107,113.31,-6.31,At_Risk
2019-06-02,Caribbean Sea,14.9935,-74.9978,28.28,8.103,155,119.64,35.36,Stable
2019-06-08,Caribbean Sea,14.9721,-75.0685,28.37,8.182,109,116.64,-7.64,Stable
2019-06-15,Great Barrier Reef,-18.2051,147.7831,27.67,8.095,152,130.97,21.03,Stable
2019-06-22,Red Sea,19.981,38.4898,27.63,8.017,118,128.18,-10.18,At_Risk
2019-06-28,Maldives,3.1416,73.2224,27.35,8.085,108,128.38,-20.38,At_Risk
2019-07-05,Caribbean Sea,15.0165,-74.9583,25.51,8.129,168,147.02,20.98,Stable
2019-07-11,Red Sea,19.9395,38.5836,29.13,8.002,112,114.49,-2.49,At_Risk
2019-07-18,Caribbean Sea,15.0279,-74.9962,29.31,7.988,114,114.24,-0.24,At_Risk
2019-07-25,Caribbean Sea,14.9293,-75.0056,27.14,8.04,152,127.87,24.13,Stable
2019-07-31,Galápagos,-0.8992,-90.9351,26.86,8.067,154,146.29,7.71,Stable
2019-08-07,Great Barrier Reef,-18.28,147.8152,29.09,8.048,109,115.81,-6.81,At_Risk
2019-08-13,South China Sea,10.0067,114.9924,29.56,8.077,97,111.91,-14.91,At_Risk
2019-08-20,Caribbean Sea,14.9334,-75.0918,29.26,7.98,80,114.59,-34.59,Critical
2019-08-26,South China Sea,10.0194,115.1246,28.49,8.092,121,117.95,3.05,At_Risk
2019-09-02,Galápagos,-0.9587,-90.9196,28.06,8.072,129,123.25,5.75,At_Risk
2019-09-09,Great Barrier Reef,-18.3205,147.7488,28.24,8.017,130,119.56,10.44,At_Risk
2019-09-15,Maldives,3.1579,73.2221,28.49,8.105,127,117.95,9.05,At_Risk
2019-09-22,Hawaiian Islands,19.8955,-155.5419,30.59,8.036,99,100.49,-1.49,Critical
2019-09-28,Caribbean Sea,14.9344,-75.0533,28.04,8.029,121,123.23,-2.23,At_Risk
2019-10-05,Galápagos,-0.951,-90.9391,28.39,8.076,122,118.04,3.96,At_Risk
2019-10-12,Caribbean Sea,14.9012,-75.047,28.28,7.994,131,120.73,10.27,At_Risk
2019-10-18,Red Sea,20.0765,38.5609,28.18,8.131,125,118.19,6.81,Stable
2019-10-25,Galápagos,-0.9707,-90.9963,28.05,8.04,127,123.23,3.77,At_Risk
2019-10-31,Caribbean Sea,15.008,-74.9998,29.16,8.096,127,113.7,13.3,At_Risk
2019-11-07,South China Sea,9.9258,114.8723,29.9,7.954,102,110.27,-8.27,Critical
2019-11-13,Caribbean Sea,14.9415,-75.0901,29.31,8.072,103,113.7,-10.7,At_Risk
2019-11-20,Caribbean Sea,14.8704,-75.0273,29.09,7.964,116,116.64,-0.64,At_Risk
2019-11-27,Hawaiian Islands,19.896,-155.5538,28.68,7.998,136,119.22,16.78,At_Risk
2019-12-03,Maldives,3.1949,73.2193,27.1,8.056,120,127.54,-7.54,At_Risk
2019-12-10,South China Sea,9.9914,115.0856,26.44,8.01,162,148.6,13.4,Stable
2019-12-16,Caribbean Sea,14.9895,-75.0335,30.06,7.989,131,109.37,21.63,At_Risk
2019-12-23,South China Sea,10.0339,114.9756,31.74,7.955,98,90.82,7.18,Critical
2019-12-30,Hawaiian Islands,19.9118,-155.5177,30.84,8.005,85,98.55,-13.55,Critical
2020-01-05,Red Sea,20.023,38.4661,31.52,7.996,84,95.14,-11.14,Critical
2020-01-12,South China Sea,10.0092,114.9326,27.04,8.139,124,128.79,-4.79,Stable
2020-01-18,Maldives,3.1505,73.2475,30.28,8.05,117,102.65,14.35,At_Risk
2020-01-25,South China Sea,9.9622,114.9289,30.75,7.989,93,99.48,-6.48,Critical
2020-02-01,Red Sea,20.0664,38.5278,29.18,8.145,103,112.2,-9.2,At_Risk
2020-02-07,Red Sea,20.0464,38.5029,28.9,8.118,123,117.35,5.65,At_Risk
2020-02-14,Great Barrier Reef,-18.2602,147.7528,27.95,8.019,109,124.44,-15.44,At_Risk
2020-02-20,South China Sea,9.9017,115.1028,26.85,8.072,132,146.29,-14.29,Stable
2020-02-27,Red Sea,20.0154,38.5408,29.79,7.995,104,111.0,-7.0,Critical
2020-03-04,Caribbean Sea,15.0141,-75.0124,30.91,8.026,106,98.63,7.37,Critical
2020-03-11,Red Sea,20.0331,38.5587,28.77,7.98,123,119.22,3.78,At_Risk
2020-03-18,Great Barrier Reef,-18.3197,147.6728,29.38,8.094,111,113.29,-2.29,At_Risk
2020-03-24,Caribbean Sea,15.0154,-74.9149,28.86,8.173,124,116.9,7.1,Stable
2020-03-31,Galápagos,-1.0418,-90.9279,29.07,8.103,124,115.73,8.27,At_Risk
2020-04-06,Galápagos,-0.9607,-91.0268,28.19,8.014,114,119.37,-5.37,At_Risk
2020-04-13,Galápagos,-0.9244,-90.8821,29.09,7.978,120,116.64,3.36,At_Risk
2020-04-20,Caribbean Sea,15.0598,-75.0305,28.3,8.055,110,119.46,-9.46,At_Risk
2020-04-26,Great Barrier Reef,-18.2547,147.6932,29.13,7.993,107,114.56,-7.56,Critical
2020-05-03,Caribbean Sea,15.0361,-75.0186,31.09,7.978,97,98.46,-1.46,Critical
2020-05-09,Hawaiian Islands,19.9434,-155.6537,25.86,8.027,165,152.23,12.77,Stable
2020-05-16,Great Barrier Reef,-18.3147,147.8271,27.65,8.076,151,129.58,21.42,Stable
2020-05-22,South China Sea,10.1003,115.1031,30.31,8.065,110,102.59,7.41,At_Risk
2020-05-29,Caribbean Sea,15.0389,-75.0276,27.27,8.074,129,128.16,0.84,Stable
2020-06-05,Caribbean Sea,14.9773,-74.9652,29.93,8.026,127,110.21,16.79,At_Risk
2020-06-11,Caribbean Sea,14.9429,-75.0097,27.42,7.978,129,129.48,-0.48,At_Risk
2020-06-18,Great Barrier Reef,-18.2932,147.7749,29.45,7.98,138,113.78,24.22,At_Risk
2020-06-24,Red Sea,20.0611,38.5291,28.16,8.009,117,119.37,-2.37,At_Risk
2020-07-01,Red Sea,20.0544,38.5942,30.81,7.979,80,98.38,-18.38,Critical
2020-07-08,South China Sea,10.007,114.9116,28.98,8.033,108,116.85,-8.85,At_Risk
2020-07-14,South China Sea,9.9203,115.0257,27.7,8.007,84,122.1,-38.1,At_Risk
2020-07-21,Caribbean Sea,14.9986,-74.9114,30.99,7.977,86,98.46,-12.46,Critical
2020-07-27,South China Sea,10.0234,114.9501,28.95,8.079,133,118.32,14.68,At_Risk
2020-08-03,Caribbean Sea,14.995,-75.0102,27.18,8.035,129,127.52,1.48,At_Risk
2020-08-09,Maldives,3.2212,73.2664,27.3,8.149,127,128.33,-1.33,Stable
2020-08-16,Red Sea,19.9989,38.4626,24.86,8.167,167,149.84,17.16,Stable
2020-08-23,South China Sea,9.9859,115.0033,29.27,7.956,104,114.41,-10.41,Critical
2020-08-29,Maldives,3.2425,73.158,28.94,7.973,122,119.46,2.54,At_Risk
2020-09-05,Red Sea,19.9982,38.4192,30.25,7.978,90,102.84,-12.84,Critical
2020-09-11,Red Sea,20.01,38.5574,26.98,8.084,141,130.38,10.62,Stable
2020-09-18,Caribbean Sea,15.0347,-74.9912,27.95,8.02,126,124.44,1.56,At_Risk
2020-09-25,South China Sea,9.9464,114.8539,29.15,8.082,78,113.7,-35.7,Critical
2020-10-01,South China Sea,9.9495,115.031,31.59,7.989,78,94.97,-16.97,Critical
2020-10-08,Galápagos,-0.9629,-90.8969,27.53,8.029,122,129.11,-7.11,At_Risk
2020-10-14,Caribbean Sea,14.9523,-74.9939,30.94,8.017,91,98.63,-7.63,Critical
2020-10-21,Hawaiian Islands,19.8822,-155.661,29.82,8.02,104,110.64,-6.64,Critical
2020-10-28,Great Barrier Reef,-18.1274,147.7141,27.37,8.051,148,127.62,20.38,Stable
2020-11-03,Caribbean Sea,15.0057,-75.0719,29.88,7.989,134,110.45,23.55,At_Risk
2020-11-10,Red Sea,20.054,38.4776,30.42,8.015,113,102.53,10.47,Critical
2020-11-16,Maldives,3.227,73.1784,27.53,8.121,124,130.15,-6.15,Stable
2020-11-23,Hawaiian Islands,19.8766,-155.6306,29.14,8.14,97,112.2,-15.2,At_Risk
2020-11-29,Caribbean Sea,15.0012,-74.9294,28.38,8.075,105,118.04,-13.04,At_Risk
2020-12-06,Great Barrier Reef,-18.2657,147.6898,29.98,8.08,144,111.3,32.7,At_Risk
2020-12-13,Hawaiian Islands,19.9258,-155.5665,28.79,8.027,122,118.41,3.59,At_Risk
2020-12-19,South China Sea,9.9852,115.0084,30.48,7.96,117,102.36,14.64,Critical
2020-12-26,Galápagos,-0.8879,-90.9715,25.32,8.083,171,153.87,17.13,Stable
2021-01-01,Red Sea,19.9989,38.45,27.74,8.107,135,125.14,9.86,Stable
2021-01-08,Caribbean Sea,14.9881,-75.0183,27.91,8.016,150,125.15,24.85,Stable
2021-01-15,Red Sea,19.9839,38.5609,30.78,8.054,90,98.94,-8.94,Critical
2021-01-21,Red Sea,20.0202,38.4988,27.14,8.093,115,128.94,-13.94,Stable
2021-01-28,South China Sea,10.0594,114.9768,28.8,8.058,113,118.27,-5.27,At_Risk
2021-02-03,South China Sea,10.0293,114.9763,29.81,7.957,108,111.11,-3.11,Critical
2021-02-10,Great Barrier Reef,-18.1902,147.6492,27.48,8.096,132,129.74,2.26,Stable
2021-02-16,Caribbean Sea,15.0175,-74.9755,29.45,8.086,116,113.0,3.0,At_Risk
2021-02-23,Hawaiian Islands,19.8847,-155.5492,31.35,7.986,76,97.06,-21.06,Critical
2021-03-02,Galápagos,-0.8984,-90.9716,25.24,8.158,144,149.17,-5.17,Stable
2021-03-08,Great Barrier Reef,-18.2916,147.7158,28.79,8.08,110,118.16,-8.16,At_Risk
2021-03-15,South China Sea,10.0257,114.987,29.61,8.059,94,111.94,-17.94,Critical
2021-03-21,Galápagos,-0.8995,-90.9924,29.71,8.044,135,111.91,23.09,At_Risk
2021-03-28,Great Barrier Reef,-18.2983,147.6817,28.47,8.035,132,118.33,13.67,At_Risk
2021-04-04,Great Barrier Reef,-18.3679,147.6465,26.9,8.13,161,141.04,19.96,Stable
2021-04-10,Great Barrier Reef,-18.2923,147.6908,28.61,8.106,105,117.29,-12.29,At_Risk
2021-04-17,Caribbean Sea,15.0119,-74.9512,29.25,8.044,127,113.99,13.01,At_Risk
2021-04-23,Hawaiian Islands,19.7616,-155.5489,27.52,7.978,137,130.82,6.18,At_Risk
2021-04-30,Maldives,3.2715,73.2138,29.93,8.102,125,110.91,14.09,At_Risk
2021-05-06,Maldives,3.2848,73.2578,28.61,7.968,115,119.22,-4.22,At_Risk
2021-05-13,Maldives,3.1606,73.3292,28.24,8.061,130,119.77,10.23,At_Risk
2021-05-20,Maldives,3.205,73.3055,27.57,8.078,118,129.17,-11.17,At_Risk
2021-05-26,Maldives,3.1368,73.1901,28.44,8.03,110,118.33,-8.33,At_Risk
2021-06-02,Caribbean Sea,14.9297,-75.0042,26.24,8.133,143,144.42,-1.42,Stable
2021-06-08,South China Sea,9.9271,114.9845,27.37,8.089,151,128.92,22.08,Stable
2021-06-15,Maldives,3.109,73.2265,28.26,8.088,125,119.42,5.58,At_Risk
2021-06-22,Red Sea,19.9624,38.484,27.31,8.128,132,128.6,3.4,Stable
2021-06-28,Galápagos,-0.8587,-90.9686,27.44,7.996,103,129.36,-26.36,At_Risk
2021-07-05,Great Barrier Reef,-18.3663,147.7126,29.26,7.956,125,114.41,10.59,At_Risk
2021-07-11,Maldives,3.1786,73.228,30.92,8.046,91,98.41,-7.41,Critical
2021-07-18,Galápagos,-0.9984,-91.0732,27.42,8.061,115,127.72,-12.72,At_Risk
2021-07-25,Great Barrier Reef,-18.2937,147.703,28.16,8.024,125,119.37,5.63,At_Risk
2021-07-31,Hawaiian Islands,19.9189,-155.6373,30.62,8.003,99,101.04,-2.04,Critical
2021-08-07,Maldives,3.2382,73.2324,29.93,8.036,96,109.95,-13.95,Critical
2021-08-13,Galápagos,-0.9357,-91.0228,28.66,8.045,115,118.33,-3.33,At_Risk
2021-08-20,Hawaiian Islands,19.8904,-155.6769,27.68,8.071,130,129.77,0.23,Stable
2021-08-26,Great Barrier Reef,-18.3385,147.7625,27.2,8.124,139,128.66,10.34,Stable
2021-09-02,Red Sea,19.9677,38.5888,26.71,8.132,152,142.83,9.17,Stable
2021-09-09,South China Sea,9.9665,115.0696,28.12,8.072,127,123.68,3.32,At_Risk
2021-09-15,Red Sea,19.9933,38.5405,29.69,7.939,127,112.3,14.7,Critical
2021-09-22,Hawaiian Islands,19.8137,-155.5312,30.19,7.962,96,103.33,-7.33,Critical
2021-09-28,Galápagos,-1.0091,-90.9763,28.04,8.098,144,123.65,20.35,Stable
2021-10-05,South China Sea,10.0698,114.9719,28.19,7.972,111,120.14,-9.14,At_Risk
2021-10-12,Galápagos,-0.9056,-90.8848,26.65,8.057,138,146.69,-8.69,Stable
2021-10-18,Great Barrier Reef,-18.2731,147.6587,29.14,8.014,113,114.24,-1.24,At_Risk
2021-10-25,Great Barrier Reef,-18.2598,147.6995,27.85,8.058,125,125.23,-0.23,At_Risk
2021-10-31,South China Sea,9.9815,114.9871,30.9,8.03,91,98.47,-7.47,Critical
2021-11-07,Red Sea,20.0348,38.4833,30.26,8.033,100,102.46,-2.46,Critical
2021-11-13,Maldives,3.2252,73.1422,26.81,8.024,139,148.7,-9.7,Stable
2021-11-20,Red Sea,20.0866,38.6116,29.46,8.056,83,113.26,-30.26,Critical
2021-11-27,Great Barrier Reef,-18.3142,147.6598,27.57,8.06,122,128.38,-6.38,At_Risk
2021-12-03,South China Sea,9.901,115.0374,26.89,8.094,167,144.59,22.41,Stable
2021-12-10,Hawaiian Islands,19.8508,-155.7093,28.07,8.114,153,124.25,28.75,Stable
2021-12-16,Red Sea,19.9385,38.5248,27.8,8.059,166,125.72,40.28,Stable
2021-12-23,Red Sea,19.9249,38.5127,29.2,8.09,114,113.7,0.3,At_Risk
2021-12-30,South China Sea,10.0154,114.9804,28.9,8.025,125,118.47,6.53,At_Risk
2022-01-05,Red Sea,19.9815,38.5189,28.46,8.107,119,117.29,1.71,At_Risk
2022-01-12,Hawaiian Islands,19.8081,-155.5197,27.14,8.044,124,127.48,-3.48,At_Risk
2022-01-18,South China Sea,10.0687,114.8932,33.21,8.009,76,90.02,-14.02,Critical
2022-01-25,Hawaiian Islands,19.8941,-155.5685,29.28,8.067,120,113.96,6.04,At_Risk
2022-01-31,Hawaiian Islands,19.9013,-155.5927,28.27,8.045,139,119.67,19.33,At_Risk
2022-02-07,Red Sea,20.0297,38.353,29.48,8.04,109,113.39,-4.39,At_Risk
2022-02-14,Hawaiian Islands,19.8774,-155.5266,29.92,7.983,111,110.45,0.55,Critical
2022-02-20,South China Sea,9.9514,114.931,27.56,8.112,143,130.62,12.38,Stable
2022-02-27,Caribbean Sea,15.0257,-74.9637,29.27,8.002,118,114.41,3.59,At_Risk
2022-03-05,South China Sea,10.04,115.0377,30.28,8.05,107,102.65,4.35,Critical
2022-03-12,Caribbean Sea,15.0535,-75.0013,27.18,8.068,122,127.47,-5.47,Stable
2022-03-19,Galápagos,-0.9876,-90.9728,27.31,8.058,103,127.4,-24.4,At_Risk
2022-03-25,Galápagos,-0.9431,-90.9655,27.27,8.107,146,128.7,17.3,Stable
2022-04-01,Red Sea,19.9196,38.4619,27.35,8.026,143,127.74,15.26,Stable
2022-04-07,South China Sea,9.9903,114.9868,25.49,8.142,131,146.52,-15.52,Stable
2022-04-14,Galápagos,-0.9508,-90.9517,30.54,7.944,54,97.78,-43.78,Critical
2022-04-20,Hawaiian Islands,19.906,-155.4928,30.36,8.023,94,102.53,-8.53,Critical
2022-04-27,Great Barrier Reef,-18.2467,147.6505,29.21,8.061,128,114.05,13.95,At_Risk
2022-05-04,South China Sea,10.138,115.0196,27.74,8.064,101,124.46,-23.46,At_Risk
2022-05-10,Red Sea,19.9653,38.4795,27.71,8.073,115,124.12,-9.12,At_Risk
2022-05-17,Galápagos,-0.8977,-90.9656,28.49,8.034,122,118.33,3.67,At_Risk
2022-05-23,Great Barrier Reef,-18.2458,147.6558,27.51,8.055,109,128.96,-19.96,At_Risk
2022-05-30,Galápagos,-0.9948,-90.9894,29.81,8.037,109,110.78,-1.78,At_Risk
2022-06-06,Great Barrier Reef,-18.2446,147.6923,29.09,8.033,118,115.87,2.13,At_Risk
2022-06-12,Galápagos,-0.9829,-91.0875,28.3,8.125,135,118.23,16.77,Stable
2022-06-19,Hawaiian Islands,19.9451,-155.521,28.63,8.057,109,118.27,-9.27,At_Risk
2022-06-25,South China Sea,9.9842,115.0308,30.31,8.007,95,103.01,-8.01,Critical
2022-07-02,Red Sea,20.0,38.5301,26.33,7.979,133,148.6,-15.6,At_Risk
2022-07-09,Red Sea,19.939,38.4746,28.28,8.032,144,119.89,24.11,At_Risk
2022-07-15,Maldives,3.2191,73.2357,29.43,7.974,126,114.07,11.93,At_Risk
2022-07-22,Great Barrier Reef,-18.2909,147.7327,26.89,8.004,148,146.95,1.05,Stable
2022-07-28,Great Barrier Reef,-18.2683,147.6541,27.2,8.132,115,128.4,-13.4,Stable
2022-08-04,Red Sea,20.0821,38.455,29.46,8.014,119,113.55,5.45,At_Risk
2022-08-10,Red Sea,19.9728,38.4919,28.56,7.999,130,119.22,10.78,At_Risk
2022-08-17,Great Barrier Reef,-18.3128,147.6878,27.01,7.952,132,131.05,0.95,At_Risk
2022-08-24,Galápagos,-0.8332,-90.9264,28.47,8.037,120,118.33,1.67,At_Risk
2022-08-30,South China Sea,10.0274,114.941,30.17,8.052,114,103.37,10.63,At_Risk
2022-09-06,Galápagos,-0.9319,-90.9646,29.51,8.059,104,112.24,-8.24,At_Risk
2022-09-12,Red Sea,19.9713,38.5051,30.82,7.942,74,97.59,-23.59,Critical
2022-09-19,Hawaiian Islands,19.905,-155.5803,28.76,8.057,114,118.27,-4.27,At_Risk
2022-09-26,Hawaiian Islands,19.9713,-155.6628,27.26,8.07,107,127.5,-20.5,At_Risk
2022-10-02,Hawaiian Islands,19.888,-155.4997,28.53,8.061,100,118.37,-18.37,At_Risk
2022-10-09,Maldives,3.172,73.2019,28.02,8.124,133,123.01,9.99,Stable
2022-10-15,South China Sea,9.9444,115.0123,29.25,8.092,136,113.62,22.38,At_Risk
2022-10-22,Hawaiian Islands,19.846,-155.6233,26.61,8.076,145,146.6,-1.6,Stable
2022-10-28,Great Barrier Reef,-18.2377,147.6954,28.02,8.067,112,123.25,-11.25,At_Risk
2022-11-04,South China Sea,10.1045,114.9196,28.78,8.146,117,116.84,0.16,At_Risk
2022-11-11,Hawaiian Islands,19.8873,-155.6007,28.23,8.124,89,118.32,-29.32,At_Risk
2022-11-17,Galápagos,-0.8771,-91.0368,28.1,8.037,132,125.76,6.24,At_Risk
2022-11-24,Caribbean Sea,14.9201,-74.9769,31.54,7.921,92,98.02,-6.02,Critical
2022-11-30,Red Sea,19.9669,38.5213,28.53,8.017,127,118.41,8.59,At_Risk
2022-12-07,South China Sea,10.0902,114.9905,29.58,7.964,94,112.47,-18.47,Critical
2022-12-14,Caribbean Sea,15.0236,-74.9258,29.03,8.024,114,116.12,-2.12,At_Risk
2022-12-20,Hawaiian Islands,19.8343,-155.5526,29.82,8.001,99,110.71,-11.71,Critical
2022-12-27,Caribbean Sea,15.0133,-75.0218,28.4,8.157,117,116.76,0.24,Stable
2023-01-02,Caribbean Sea,14.9821,-75.0324,29.62,8.019,99,112.22,-13.22,Critical
2023-01-09,Red Sea,20.0661,38.571,27.6,7.975,144,130.01,13.99,At_Risk
2023-01-15,Red Sea,19.9658,38.5395,25.54,8.154,131,145.77,-14.77,Stable
2023-01-22,Red Sea,20.0365,38.5007,27.07,8.058,144,127.77,16.23,Stable
2023-01-29,Red Sea,20.0053,38.5292,31.46,7.912,114,99.57,14.43,Critical
2023-02-04,Hawaiian Islands,19.902,-155.6277,26.5,8.08,153,146.6,6.4,Stable
2023-02-11,Caribbean Sea,14.9936,-74.9244,26.32,8.093,122,145.92,-23.92,Stable
2023-02-17,Caribbean Sea,15.0182,-74.9557,27.87,7.932,129,126.62,2.38,At_Risk
2023-02-24,Galápagos,-0.932,-90.9454,30.35,7.959,111,102.84,8.16,Critical
2023-03-03,Caribbean Sea,15.0596,-75.0889,28.98,8.015,113,116.92,-3.92,At_Risk
2023-03-09,Red Sea,20.0174,38.4756,27.49,8.072,113,128.54,-15.54,At_Risk
2023-03-16,Great Barrier Reef,-18.3414,147.7332,26.78,8.118,144,142.83,1.17,Stable
2023-03-22,South China Sea,9.9137,114.9661,30.29,7.965,95,102.84,-7.84,Critical
2023-03-29,Galápagos,-0.9307,-90.9264,28.12,8.028,145,123.76,21.24,At_Risk
2023-04-05,South China Sea,10.0869,115.0489,28.63,8.007,106,118.58,-12.58,At_Risk
2023-04-11,Maldives,3.2289,73.2416,30.6,8.04,76,100.49,-24.49,Critical
2023-04-18,South China Sea,10.0526,114.9501,27.92,8.074,155,125.91,29.09,Stable
2023-04-24,Great Barrier Reef,-18.1316,147.7295,28.23,8.082,136,119.16,16.84,Stable
2023-05-01,Red Sea,19.984,38.5898,28.85,8.068,126,118.35,7.65,At_Risk
2023-05-07,Red Sea,20.0211,38.5419,27.57,8.041,112,128.15,-16.15,At_Risk
2023-05-14,Great Barrier Reef,-18.2651,147.7381,29.19,8.12,113,112.65,0.35,At_Risk
2023-05-21,Hawaiian Islands,19.9302,-155.6374,27.92,8.096,138,126.11,11.89,Stable
2023-05-27,Red Sea,19.9853,38.4964,26.22,8.078,156,148.74,7.26,Stable
2023-06-03,Galápagos,-0.925,-90.9406,28.57,8.049,109,118.27,-9.27,At_Risk
2023-06-09,Hawaiian Islands,19.9317,-155.5618,29.24,8.009,80,114.15,-34.15,Critical
2023-06-16,South China Sea,10.0549,114.9761,27.21,8.111,127,128.77,-1.77,Stable
2023-06-23,Hawaiian Islands,19.9498,-155.5519,29.53,7.961,127,112.55,14.45,At_Risk
2023-06-29,Galápagos,-0.9407,-90.9841,28.72,7.957,123,119.22,3.78,At_Risk
2023-07-06,Maldives,3.1513,73.1531,26.22,8.151,133,144.26,-11.26,Stable
2023-07-12,Caribbean Sea,15.0767,-75.0268,25.94,8.045,164,152.23,11.77,Stable
2023-07-19,Galápagos,-0.9616,-90.993,28.74,8.07,134,118.29,15.71,At_Risk
2023-07-25,Hawaiian Islands,19.9692,-155.6008,26.51,8.069,143,146.6,-3.6,Stable
2023-08-01,Caribbean Sea,14.9518,-75.0479,29.02,8.037,115,116.04,-1.04,At_Risk
2023-08-08,Caribbean Sea,14.9621,-75.0115,27.11,8.122,149,128.83,20.17,Stable
2023-08-14,Maldives,3.1105,73.1742,26.26,8.062,141,147.54,-6.54,Stable
2023-08-21,South China Sea,9.9275,114.9539,26.99,8.09,136,130.52,5.48,Stable
2023-08-27,Galápagos,-0.9899,-90.9568,27.68,8.053,153,129.67,23.33,Stable
2023-09-03,Caribbean Sea,15.067,-75.065,29.74,8.066,90,110.76,-20.76,Critical
2023-09-10,Red Sea,20.0409,38.5769,26.82,8.038,152,148.7,3.3,Stable
2023-09-16,Hawaiian Islands,19.9104,-155.5552,29.01,8.059,94,115.98,-21.98,At_Risk
2023-09-23,Galápagos,-0.9014,-90.9071,28.16,8.055,100,119.48,-19.48,At_Risk
2023-09-29,Red Sea,20.0257,38.5286,28.41,8.108,115,117.22,-2.22,At_Risk
2023-10-06,Great Barrier Reef,-18.2589,147.6482,28.46,8.042,123,118.33,4.67,At_Risk
2023-10-12,South China Sea,9.9815,114.9934,29.74,8.003,83,110.94,-27.94,Critical
2023-10-19,Red Sea,20.0875,38.5691,26.56,8.123,131,142.73,-11.73,Stable
2023-10-26,Caribbean Sea,15.0132,-74.9853,28.15,8.018,113,119.47,-6.47,At_Risk
2023-11-01,Great Barrier Reef,-18.3329,147.6576,28.4,8.016,131,118.33,12.67,At_Risk
2023-11-08,Hawaiian Islands,19.9712,-155.6118,28.86,8.068,123,118.35,4.65,At_Risk
2023-11-14,Great Barrier Reef,-18.2833,147.7363,29.22,7.974,125,114.67,10.33,At_Risk
2023-11-21,Hawaiian Islands,19.9412,-155.621,28.56,8.083,116,117.95,-1.95,At_Risk
2023-11-28,Great Barrier Reef,-18.2335,147.8174,27.32,8.005,136,129.02,6.98,At_Risk
2023-12-04,Galápagos,-0.9177,-90.9771,30.68,7.939,108,102.92,5.08,Critical
2023-12-11,Maldives,3.1725,73.3067,31.49,7.952,81,94.05,-13.05,Critical
2023-12-17,Caribbean Sea,15.043,-75.0194,28.43,8.053,91,118.2,-27.2,At_Risk
2023-12-24,Red Sea,19.9993,38.4655,27.76,8.137,108,124.9,-16.9,Stable
2023-12-31,Red Sea,20.0407,38.4861,28.08,8.098,129,124.64,4.36,Stable
