Date,Location,Latitude,Longitude,SST (°C),pH Level,Bleaching Severity,Marine Heatwave,Species Observed,RF_Predicted_Species_Population,Risk_Cluster
2015-01-01,Red Sea,20.0248,38.4931,29.47,8.107,Unknown,False,106,109.79561111111111,Critical
2015-01-07,Great Barrier Reef,-18.2988,147.7782,29.65,8.004,High,False,116,118.77189682539682,At-Risk
2015-01-14,Caribbean Sea,14.9768,-75.0233,28.86,7.947,High,False,90,118.72121748400856,At-Risk
2015-01-20,Great Barrier Reef,-18.3152,147.6486,28.97,7.995,Medium,False,94,107.60864610389609,Critical
2015-01-27,Galápagos,-0.8805,-90.9769,28.6,7.977,Unknown,False,110,114.95341414141416,At-Risk
2015-02-02,Red Sea,20.0055,38.4425,29.06,8.009,Low,False,109,114.8347492300403,At-Risk
2015-02-09,South China Sea,9.9699,115.0926,28.48,7.998,Unknown,False,132,131.19564285714284,Stable
2015-02-16,Red Sea,19.939,38.5104,25.56,8.042,Low,False,152,154.6735793650794,Stable
2015-02-22,Maldives,3.2397,73.2293,28.33,8.038,Low,False,99,106.1278872864283,Critical
2015-03-01,Caribbean Sea,14.964,-75.023,30.09,8.035,High,True,77,113.27101803751805,At-Risk
2015-03-07,Galápagos,-0.9376,-90.9849,27.48,8.101,Unknown,False,145,139.28849134199135,Stable
2015-03-14,Caribbean Sea,15.0466,-75.042,28.04,8.076,High,False,139,126.09410389610392,At-Risk
2015-03-21,Galápagos,-0.9778,-90.9749,26.84,8.023,Unknown,False,148,148.9709790764791,Stable
2015-03-27,South China Sea,10.0678,114.9964,30.01,8.038,High,True,95,102.68635606060604,Critical
2015-04-03,Red Sea,20.0181,38.5769,28.45,8.129,High,False,81,105.4172857142857,Critical
2015-04-09,South China Sea,10.0411,115.0044,28.05,8.064,Medium,False,94,121.16366341991338,At-Risk
2015-04-16,Caribbean Sea,14.989,-74.9821,30.72,7.98,High,True,85,92.7851132756133,Critical
2015-04-22,Caribbean Sea,14.9749,-74.9542,28.99,8.014,Unknown,False,122,116.55693782405496,At-Risk
2015-04-29,Caribbean Sea,15.0049,-74.9516,27.45,8.055,Low,False,124,130.35973015873017,At-Risk
2015-05-06,Maldives,3.1296,73.2355,28.89,8.042,Low,False,112,116.30372578126676,At-Risk
2015-05-12,Great Barrier Reef,-18.3579,147.6782,27.99,8.02,Unknown,False,122,120.0171854256854,At-Risk
2015-05-19,Hawaiian Islands,19.917,-155.4885,28.76,8.058,Low,False,116,117.77631918729627,At-Risk
2015-05-25,Great Barrier Reef,-18.383,147.6979,28.59,8.171,Medium,False,116,112.21309018759018,At-Risk
2015-06-01,Great Barrier Reef,-18.272,147.6975,26.75,8.142,Medium,False,148,144.2250634920635,Stable
2015-06-08,Red Sea,20.0396,38.4545,30.6,7.938,Unknown,True,107,106.38476190476196,Critical
2015-06-14,Red Sea,20.1095,38.4505,27.65,8.072,Unknown,False,120,120.68102056277056,At-Risk
2015-06-21,Hawaiian Islands,19.8193,-155.5794,26.91,8.106,Low,False,122,132.89204437229432,Stable
2015-06-27,Galápagos,-0.8763,-91.0048,28.02,8.1,High,False,106,118.2984491341991,At-Risk
2015-07-04,Galápagos,-0.9424,-90.9002,26.09,8.107,Low,False,148,145.52158152958154,Stable
2015-07-10,Maldives,3.2419,73.1589,26.52,8.116,High,False,144,141.47059920634922,Stable
2015-07-17,Red Sea,20.0125,38.5173,27.48,8.082,Medium,False,134,126.52110317460318,At-Risk
2015-07-24,Great Barrier Reef,-18.3228,147.7925,29.21,7.976,High,False,122,123.39419047619049,At-Risk
2015-07-30,Maldives,3.1541,73.2601,30.24,7.974,Low,True,117,108.8601904761905,Critical
2015-08-06,Red Sea,20.0206,38.5411,31.35,7.981,Medium,True,80,95.80863492063497,Critical
2015-08-12,South China Sea,9.9555,114.9592,28.38,8.069,Low,False,125,120.26217286240845,At-Risk
2015-08-19,Hawaiian Islands,19.9382,-155.5821,30.68,7.993,Low,True,138,116.02469624819622,At-Risk
2015-08-26,Caribbean Sea,15.0313,-75.0429,26.89,8.106,Medium,False,132,136.24849675324674,Stable
2015-09-01,Caribbean Sea,15.0357,-74.9763,28.39,8.01,Low,False,98,104.74407804494518,Critical
2015-09-08,Great Barrier Reef,-18.3094,147.742,28.82,7.981,Medium,False,119,118.24306349206347,At-Risk
2015-09-14,South China Sea,10.0193,114.9558,28.73,8.048,Medium,False,100,116.97082779519492,At-Risk
2015-09-21,Galápagos,-0.9359,-90.9376,30.12,8.07,Unknown,True,83,96.40464285714283,Critical
2015-09-27,South China Sea,9.9531,115.0258,29.27,8.06,Medium,False,170,137.1037103174603,Stable
2015-10-04,Red Sea,20.0285,38.5568,29.93,8.054,Unknown,False,100,102.86951948051951,Critical
2015-10-11,Red Sea,20.0379,38.4614,28.14,8.033,High,False,124,123.81132859511958,At-Risk
2015-10-17,Maldives,3.3185,73.1273,29.53,7.949,Unknown,False,102,107.05453891257999,Critical
2015-10-24,Galápagos,-0.8994,-90.9624,26.88,8.047,Unknown,False,146,148.83784415584418,Stable
2015-10-30,Great Barrier Reef,-18.3236,147.71,28.57,8.016,Low,False,151,115.18424494949491,At-Risk
2015-11-06,Great Barrier Reef,-18.2554,147.5979,28.78,8.011,Unknown,False,129,120.87270418470415,At-Risk
2015-11-13,Galápagos,-0.9934,-90.9713,29.26,8.078,Medium,False,94,101.53337094547966,Critical
2015-11-19,Hawaiian Islands,19.8801,-155.6065,27.52,8.158,Unknown,False,135,133.1308831168831,Stable
2015-11-26,South China Sea,9.937,115.0459,31.68,8.038,Medium,True,65,82.91724206349208,Critical
2015-12-02,Red Sea,19.9758,38.5633,27.44,8.093,Medium,False,142,134.6113611111111,Stable
2015-12-09,Hawaiian Islands,19.8505,-155.5858,23.64,8.096,High,False,164,160.3900912698413,Stable
2015-12-16,Galápagos,-1.0162,-90.884,26.35,8.071,Low,False,143,143.17756204906212,Stable
2015-12-22,Great Barrier Reef,-18.215,147.6274,30.24,8.016,Low,True,87,100.07253571428569,Critical
2015-12-29,South China Sea,10.0231,115.01,27.6,8.071,Unknown,False,123,128.7466991341991,At-Risk
2016-01-04,Galápagos,-0.9481,-90.9325,30.88,7.941,Low,True,128,105.80329761904764,Critical
2016-01-11,Maldives,3.1052,73.2131,29.38,8.046,Low,False,101,108.1372254205165,Critical
2016-01-17,Hawaiian Islands,19.8864,-155.6075,27.62,8.11,Medium,False,134,132.52021645021642,Stable
2016-01-24,Red Sea,19.9654,38.545,28.96,8.081,High,False,124,124.8143611111111,At-Risk
2016-01-31,Galápagos,-0.9952,-90.9936,29.62,8.058,Unknown,False,108,112.14796149382019,At-Risk
2016-02-06,Hawaiian Islands,19.9027,-155.5189,27.61,8.095,Medium,False,125,129.8593235930736,At-Risk
2016-02-13,South China Sea,9.9891,115.0549,29.74,8.066,Medium,False,127,125.299869047619,At-Risk
2016-02-19,Great Barrier Reef,-18.286,147.7333,28.03,8.076,Unknown,False,122,122.81441666666666,At-Risk
2016-02-26,South China Sea,10.0048,115.0298,27.27,8.179,Unknown,False,117,126.99154725829723,At-Risk
2016-03-04,South China Sea,9.9393,115.0579,29.69,8.057,Unknown,False,117,119.98361111111107,At-Risk
2016-03-10,Red Sea,19.9994,38.4551,28.61,8.014,Medium,False,133,129.0011103411514,At-Risk
2016-03-17,Red Sea,19.9926,38.4587,28.02,8.08,Low,False,116,119.98173484848489,At-Risk
2016-03-23,Great Barrier Reef,-18.3282,147.7114,28.87,8.017,Unknown,False,109,113.75978751803748,At-Risk
2016-03-30,Maldives,3.2144,73.1483,26.39,8.056,Medium,False,137,142.9636215728716,Stable
2016-04-05,Galápagos,-0.9383,-90.8918,29.79,8.016,Medium,False,106,110.77613888888887,Critical
2016-04-12,Great Barrier Reef,-18.3372,147.6983,28.07,8.075,Medium,False,111,119.01406313131312,At-Risk
2016-04-19,Hawaiian Islands,19.9228,-155.5062,28.34,8.073,Medium,False,131,119.2052166400851,At-Risk
2016-04-25,Galápagos,-0.9739,-90.9544,28.52,8.055,Medium,False,108,115.1594523809524,At-Risk
2016-05-02,Maldives,3.204,73.2456,30.68,8.054,High,True,130,108.14912301587302,Critical
2016-05-08,Great Barrier Reef,-18.3255,147.7428,28.78,8.154,Unknown,False,105,113.86808369408371,At-Risk
2016-05-15,Galápagos,-0.9958,-90.9956,25.31,8.087,Unknown,False,140,157.697246031746,Stable
2016-05-22,Caribbean Sea,15.0075,-74.9829,31.31,8.041,Low,True,83,102.47388492063493,Critical
2016-05-28,South China Sea,9.9551,115.0246,26.52,8.181,Unknown,False,157,140.75463888888896,Stable
2016-06-04,Caribbean Sea,14.9765,-75.0857,30.53,8.004,Medium,True,118,103.51677128427129,Critical
2016-06-10,Galápagos,-1.0335,-90.9956,28.51,8.052,Low,False,113,113.66299494949497,At-Risk
2016-06-17,Caribbean Sea,15.0311,-75.0534,28.29,8.06,Unknown,False,129,126.85434186445896,At-Risk
2016-06-23,Great Barrier Reef,-18.2515,147.643,26.2,8.16,Low,False,147,138.82804761904765,Stable
2016-06-30,Maldives,3.1654,73.2983,28.67,8.105,Unknown,False,119,118.99701046176045,At-Risk
2016-07-07,Great Barrier Reef,-18.1841,147.787,28.13,8.106,Unknown,False,133,126.35150000000002,At-Risk
2016-07-13,Maldives,3.2712,73.1725,29.53,8.082,High,False,83,95.79578102453107,Critical
2016-07-20,South China Sea,9.9408,114.898,28.1,8.094,Unknown,False,146,134.03451046176045,Stable
2016-07-26,Great Barrier Reef,-18.2834,147.7806,26.43,8.006,Unknown,False,139,144.1438373015873,Stable
2016-08-02,Red Sea,20.0192,38.4984,25.4,8.108,Low,False,131,138.1032817460318,Stable
2016-08-09,Galápagos,-0.9203,-90.9473,27.09,8.053,High,False,118,122.64740476190477,At-Risk
2016-08-15,Great Barrier Reef,-18.2902,147.747,27.02,8.105,Low,False,126,135.85717460317454,Stable
2016-08-22,Galápagos,-0.9934,-90.971,26.95,8.053,Low,False,117,124.00687301587298,At-Risk
2016-08-28,Maldives,3.301,73.2225,27.45,8.082,Medium,False,128,128.61846031746035,At-Risk
2016-09-04,Caribbean Sea,14.989,-74.9693,29.64,8.001,Unknown,False,100,111.02996320346323,Critical
2016-09-11,Caribbean Sea,14.9862,-75.1151,26.23,8.164,Low,False,167,149.36223809523813,Stable
2016-09-17,Red Sea,19.9875,38.5288,28.97,8.195,Unknown,False,132,124.00645482295485,At-Risk
2016-09-24,Caribbean Sea,14.9936,-75.0478,26.09,8.108,Low,False,132,140.25332215007217,Stable
2016-09-30,Hawaiian Islands,19.8257,-155.6151,26.88,8.167,Medium,False,149,145.59860714285713,Stable
2016-10-07,South China Sea,9.9996,115.074,28.62,8.005,Unknown,False,141,128.52558333333332,At-Risk
2016-10-13,Great Barrier Reef,-18.2602,147.6473,28.21,8.012,Medium,False,102,110.71767857142855,Critical
2016-10-20,Great Barrier Reef,-18.2408,147.7947,26.4,8.12,High,False,131,137.69982395382397,Stable
2016-10-27,Great Barrier Reef,-18.3115,147.6696,27.2,8.078,Low,False,120,126.03797835497834,At-Risk
2016-11-02,Hawaiian Islands,19.9103,-155.5853,28.14,8.012,Low,False,114,117.71620634920635,At-Risk
2016-11-09,South China Sea,10.0378,115.025,27.03,8.084,Low,False,145,133.66459523809522,Stable
2016-11-15,Great Barrier Reef,-18.3706,147.7264,27.51,8.098,Low,False,118,133.02130555555559,Stable
2016-11-22,Galápagos,-1.044,-91.047,28.57,8.062,Unknown,False,105,112.74842857142856,At-Risk
2016-11-29,South China Sea,10.0319,114.9169,28.4,7.991,High,False,111,113.28380731084837,At-Risk
2016-12-05,Maldives,3.2052,73.1777,27.92,8.112,Unknown,False,117,125.08619841269844,At-Risk
2016-12-12,Galápagos,-0.912,-91.0221,29.29,8.106,Low,False,74,96.17872222222222,Critical
2016-12-18,Caribbean Sea,14.9602,-74.9711,28.2,8.075,Unknown,False,113,114.10789345176057,At-Risk
2016-12-25,Great Barrier Reef,-18.2828,147.6914,30.25,8.028,Unknown,True,107,104.48252380952381,Critical
2016-12-31,Great Barrier Reef,-18.3077,147.6748,27.85,8.083,Low,False,120,121.9827092352092,At-Risk
2017-01-07,Great Barrier Reef,-18.2726,147.803,29.81,8.008,High,False,124,118.32002777777774,At-Risk
2017-01-14,Great Barrier Reef,-18.3075,147.5973,26.99,7.987,Unknown,False,129,131.1079112554112,Stable
2017-01-20,Hawaiian Islands,19.8977,-155.499,28.99,8.029,Low,False,127,123.1834398487985,At-Risk
2017-01-27,South China Sea,9.8894,115.0118,29.66,7.953,Medium,False,125,119.10786507936506,At-Risk
2017-02-02,Galápagos,-0.9369,-90.9864,29.45,8.145,Unknown,False,113,109.21619444444447,Critical
2017-02-09,Great Barrier Reef,-18.2747,147.6762,27.23,8.117,High,False,119,122.34357142857144,At-Risk
2017-02-16,Hawaiian Islands,19.9004,-155.6067,29.22,8.052,High,False,128,119.2472360248447,At-Risk
2017-02-22,Hawaiian Islands,19.8713,-155.5963,27.03,8.057,High,False,140,132.7946504329004,Stable
2017-03-01,Galápagos,-0.916,-91.0117,29.8,8.092,High,False,113,111.02581746031746,Critical
2017-03-07,Maldives,3.2966,73.182,26.63,7.998,Unknown,False,161,153.76195634920637,Stable
2017-03-14,Red Sea,20.0327,38.4972,28.92,7.985,High,False,152,138.09907859511964,Stable
2017-03-20,Caribbean Sea,15.0065,-74.9945,29.59,8.052,Unknown,False,112,109.5267485085396,Critical
2017-03-27,South China Sea,9.9605,115.0236,31.32,8.061,Medium,True,115,101.49582539682541,Critical
2017-04-03,Red Sea,19.9744,38.4505,28.31,8.057,Unknown,False,138,131.58688262442368,Stable
2017-04-09,Red Sea,19.9154,38.5765,28.26,8.033,Unknown,False,107,117.2542622170533,At-Risk
2017-04-16,Galápagos,-1.0365,-90.9244,28.61,7.983,Low,False,99,108.14573365523368,Critical
2017-04-22,Hawaiian Islands,19.88,-155.4993,28.11,7.983,Unknown,False,120,122.55158730158729,At-Risk
2017-04-29,Hawaiian Islands,19.8832,-155.7176,28.42,8.04,Low,False,131,120.99239285714282,At-Risk
2017-05-06,Great Barrier Reef,-18.1947,147.7555,28.1,8.003,High,False,162,137.54470490620494,Stable
2017-05-12,South China Sea,10.003,115.0007,28.46,8.061,Low,False,118,116.60453301815146,At-Risk
2017-05-19,South China Sea,9.9713,114.9727,28.45,8.024,High,False,109,114.20851538538251,At-Risk
2017-05-25,Hawaiian Islands,19.9021,-155.5955,30.76,7.872,Unknown,True,113,112.85210317460319,At-Risk
2017-06-01,Hawaiian Islands,19.9591,-155.6865,27.99,8.042,Unknown,False,104,117.0953492063492,At-Risk
2017-06-07,South China Sea,9.9611,114.9445,31.13,8.044,Low,True,112,102.60035714285713,Critical
2017-06-14,Red Sea,20.0361,38.4435,27.71,8.09,Medium,False,109,114.80222222222227,At-Risk
2017-06-21,Galápagos,-0.9182,-90.9776,27.94,8.097,Medium,False,132,128.1907023809524,At-Risk
2017-06-27,South China Sea,9.982,115.058,26.88,8.113,Unknown,False,145,143.620880952381,Stable
2017-07-04,Hawaiian Islands,19.8813,-155.5665,26.62,8.134,Medium,False,135,141.61407142857144,Stable
2017-07-10,Galápagos,-0.9799,-90.9131,27.44,8.001,Unknown,False,107,118.03662554112552,At-Risk
2017-07-17,Hawaiian Islands,19.9271,-155.6468,31.13,7.893,High,True,119,112.60992460317465,At-Risk
2017-07-24,Great Barrier Reef,-18.2765,147.6944,27.68,8.086,High,False,127,127.36397294372294,At-Risk
2017-07-30,Great Barrier Reef,-18.2319,147.7049,28.73,8.027,Low,False,116,116.07137987012985,At-Risk
2017-08-06,Hawaiian Islands,19.9122,-155.6683,26.48,8.128,High,False,142,143.54325,Stable
2017-08-12,Hawaiian Islands,19.8876,-155.5819,29.02,8.013,Low,False,103,108.81380528891401,Critical
2017-08-19,South China Sea,10.0098,114.9511,29.11,7.953,Medium,False,129,120.32580081734186,At-Risk
2017-08-26,Maldives,3.2264,73.2335,29.97,8.104,Low,False,120,117.50628643578642,At-Risk
2017-09-01,Great Barrier Reef,-18.3791,147.6352,27.56,8.07,Low,False,137,130.02115512265513,At-Risk
2017-09-08,South China Sea,9.9637,115.0093,27.37,8.042,Medium,False,110,122.01823376623375,At-Risk
2017-09-14,Hawaiian Islands,19.8506,-155.6504,27.04,8.132,Low,False,120,123.23849783549784,At-Risk
2017-09-21,Maldives,3.3344,73.2454,28.78,8.002,High,False,127,122.2497001679912,At-Risk
2017-09-27,Great Barrier Reef,-18.3159,147.7053,32.34,7.968,Medium,True,98,88.27542857142858,Critical
2017-10-04,Caribbean Sea,14.9648,-75.0017,31.16,7.966,Medium,True,120,108.69636111111116,Critical
2017-10-11,Great Barrier Reef,-18.2517,147.6711,29.45,8.08,Unknown,False,119,113.90157936507939,At-Risk
2017-10-17,Red Sea,19.9215,38.4636,28.13,8.054,Low,False,133,121.37435998040102,At-Risk
2017-10-24,South China Sea,10.0089,114.9332,29.07,8.069,High,False,122,120.36767863441419,At-Risk
2017-10-30,Maldives,3.2568,73.2624,29.19,8.033,Low,False,88,98.76935626189729,Critical
2017-11-06,Great Barrier Reef,-18.2656,147.7096,28.91,7.978,Medium,False,99,110.39193650793646,Critical
2017-11-13,Great Barrier Reef,-18.2344,147.6972,29.52,8.031,High,False,110,113.46355158730157,At-Risk
2017-11-19,Galápagos,-0.9069,-90.9914,28.64,8.024,Low,False,112,114.04749772449773,At-Risk
2017-11-26,Hawaiian Islands,19.8813,-155.5717,27.78,8.127,Medium,False,113,121.38886507936509,At-Risk
2017-12-02,Galápagos,-0.9631,-90.9876,30.67,8.016,Low,True,113,107.85973593073594,Critical
2017-12-09,Galápagos,-1.0281,-90.9522,29.83,8.027,Unknown,False,122,114.33431142167008,At-Risk
2017-12-15,Great Barrier Reef,-18.313,147.7697,31.95,7.963,High,True,78,82.14380086580086,Critical
2017-12-22,Maldives,3.2755,73.2997,27.72,8.045,Unknown,False,123,121.1077831890332,At-Risk
2017-12-29,South China Sea,9.9328,114.9541,26.99,8.042,Low,False,134,134.90513852813854,Stable
2018-01-04,Red Sea,20.0117,38.5775,27.0,8.129,High,False,131,130.3460411255411,At-Risk
2018-01-11,Maldives,3.2003,73.2544,26.82,8.103,Medium,False,139,141.5518134920635,Stable
2018-01-17,Great Barrier Reef,-18.2625,147.7137,32.18,7.944,Low,True,75,79.4422222222222,Critical
2018-01-24,Great Barrier Reef,-18.3183,147.6714,27.54,8.129,Unknown,False,150,138.10533333333333,Stable
2018-01-31,Red Sea,19.9715,38.4584,29.21,8.008,Unknown,False,122,118.71745557924662,At-Risk
2018-02-06,Great Barrier Reef,-18.277,147.6234,30.82,8.093,High,True,87,98.79623015873015,Critical
2018-02-13,Maldives,3.1834,73.235,29.0,8.073,Low,False,145,115.72611341702286,At-Risk
2018-02-19,Great Barrier Reef,-18.2959,147.6593,26.43,8.055,Medium,False,140,140.09973412698412,Stable
2018-02-26,Galápagos,-0.8641,-90.9915,28.84,8.042,Low,False,134,123.26112888198753,At-Risk
2018-03-04,Hawaiian Islands,20.0231,-155.6093,27.77,8.117,High,False,137,128.03117857142857,At-Risk
2018-03-11,Red Sea,20.0923,38.5292,27.96,8.09,Low,False,142,136.9715555555555,Stable
2018-03-18,Maldives,3.2438,73.2461,30.1,8.076,Low,True,124,114.94190079365079,At-Risk
2018-03-24,Great Barrier Reef,-18.2547,147.6908,28.72,8.106,Low,False,105,108.68811940836939,Critical
2018-03-31,Maldives,3.2212,73.201,28.54,8.113,Unknown,False,122,115.07236327561328,At-Risk
2018-04-06,Great Barrier Reef,-18.2848,147.6312,29.62,8.06,Unknown,False,141,131.08099206349206,Stable
2018-04-13,Caribbean Sea,14.9846,-74.989,28.87,8.121,Low,False,114,113.37460353535351,At-Risk
2018-04-20,Galápagos,-0.9398,-90.9352,28.78,8.022,Medium,False,120,119.29330853566728,At-Risk
2018-04-26,Hawaiian Islands,19.9505,-155.6341,28.7,8.011,Unknown,False,135,130.1942644300144,At-Risk
2018-05-03,Great Barrier Reef,-18.3633,147.6713,29.07,8.117,Unknown,False,113,114.27455591630593,At-Risk
2018-05-09,Great Barrier Reef,-18.3149,147.7933,26.33,7.984,Medium,False,148,144.39275000000004,Stable
2018-05-16,Maldives,3.1777,73.1696,29.56,8.041,Unknown,False,100,104.82124129353237,Critical
2018-05-23,Hawaiian Islands,19.8328,-155.5392,29.48,8.026,Unknown,False,137,122.69423241734108,At-Risk
2018-05-29,Maldives,3.1493,73.1444,27.46,8.068,Low,False,134,128.23288888888888,At-Risk
2018-06-05,Maldives,3.1907,73.2383,26.62,8.16,Unknown,False,137,140.32411111111114,Stable
2018-06-11,Great Barrier Reef,-18.2312,147.7163,29.19,8.065,Low,False,119,118.90967460317455,At-Risk
2018-06-18,Hawaiian Islands,19.9289,-155.5163,28.79,8.08,Low,False,115,116.93328806865651,At-Risk
2018-06-24,Hawaiian Islands,19.9688,-155.6166,31.2,7.994,High,True,71,106.91555735930739,Critical
2018-07-01,Hawaiian Islands,19.9032,-155.6169,29.76,7.992,Medium,False,100,112.99654256854254,At-Risk
2018-07-08,Caribbean Sea,14.9055,-75.0226,24.86,8.044,Medium,False,167,163.16103030303032,Stable
2018-07-14,Caribbean Sea,15.0393,-74.9787,27.05,8.077,Unknown,False,134,134.23961904761907,Stable
2018-07-21,Great Barrier Reef,-18.345,147.7744,29.82,8.013,Unknown,False,107,110.47769444444442,Critical
2018-07-27,South China Sea,10.0104,114.8979,28.13,8.023,Low,False,108,113.0724961546133,At-Risk
2018-08-03,Red Sea,19.9859,38.5899,29.46,8.002,High,False,118,113.16423263552372,At-Risk
2018-08-10,Hawaiian Islands,19.9668,-155.5366,28.59,8.016,Unknown,False,129,129.88138339438336,At-Risk
2018-08-16,Great Barrier Reef,-18.2674,147.744,29.45,8.083,Medium,False,102,113.49749206349207,At-Risk
2018-08-23,South China Sea,10.0659,115.0099,31.61,7.953,Unknown,True,114,103.28145634920637,Critical
2018-08-29,Caribbean Sea,15.0099,-75.0326,27.77,8.048,High,False,133,127.97359920634922,At-Risk
2018-09-05,Red Sea,20.0261,38.4713,28.46,8.158,Low,False,146,114.67099206349208,At-Risk
2018-09-11,Maldives,3.2246,73.2226,28.68,8.077,Medium,False,102,110.22348823664768,Critical
2018-09-18,Maldives,3.1899,73.1373,29.1,8.07,Medium,False,106,108.90782625973571,Critical
2018-09-25,Hawaiian Islands,19.9755,-155.6441,26.3,8.105,Unknown,False,157,151.68774206349212,Stable
2018-10-01,Galápagos,-0.8696,-90.9885,30.12,8.016,Unknown,True,101,103.62935497835497,Critical
2018-10-08,Red Sea,20.0442,38.5326,26.14,8.171,Low,False,164,135.1973603896104,Stable
2018-10-14,Caribbean Sea,14.9687,-74.9802,29.24,8.048,Low,False,104,105.70326438155546,Critical
2018-10-21,Great Barrier Reef,-18.3207,147.6979,30.26,8.042,Low,True,96,103.7375119047619,Critical
2018-10-28,Caribbean Sea,15.0386,-75.1424,30.22,7.929,Unknown,True,97,103.80757142857148,Critical
2018-11-03,Great Barrier Reef,-18.3431,147.6345,30.24,7.992,Low,True,107,103.39510714285713,Critical
2018-11-10,Hawaiian Islands,19.8945,-155.5589,28.62,7.984,High,False,133,128.36950252525247,At-Risk
2018-11-16,Red Sea,19.9753,38.4222,27.86,8.138,Unknown,False,139,133.80069444444447,Stable
2018-11-23,Great Barrier Reef,-18.3045,147.6817,28.02,8.163,Unknown,False,130,125.56210606060606,At-Risk
2018-11-29,Caribbean Sea,15.0215,-74.9485,28.86,8.03,Medium,False,113,114.48884114295826,At-Risk
2018-12-06,Hawaiian Islands,19.8932,-155.5847,29.59,8.031,High,False,120,119.96777570738438,At-Risk
2018-12-13,Hawaiian Islands,19.8928,-155.5789,25.5,8.156,Unknown,False,155,153.3142698412699,Stable
2018-12-19,Caribbean Sea,15.0499,-75.1448,31.63,7.98,Medium,True,105,102.20044588744595,Critical
2018-12-26,Red Sea,19.948,38.5306,26.92,8.05,Unknown,False,164,152.05792063492058,Stable
2019-01-01,Great Barrier Reef,-18.2966,147.7101,29.81,8.049,Medium,False,109,113.63644047619047,At-Risk
2019-01-08,South China Sea,10.0182,115.1202,28.41,8.062,High,False,136,127.51522619047618,At-Risk
2019-01-15,Red Sea,20.0553,38.5594,29.46,7.974,High,False,134,124.33533653162758,At-Risk
2019-01-21,South China Sea,9.9427,115.0151,27.37,8.069,Low,False,136,132.22255519480524,Stable
2019-01-28,Red Sea,20.0161,38.5211,30.92,8.024,Unknown,True,92,94.76505952380955,Critical
2019-02-03,Great Barrier Reef,-18.2389,147.7587,26.66,8.117,Unknown,False,148,144.3920461760462,Stable
2019-02-10,Hawaiian Islands,19.8819,-155.514,28.27,8.061,High,False,119,119.60481124913733,At-Risk
2019-02-17,Red Sea,20.0008,38.4452,26.34,8.173,High,False,128,134.96559848484844,Stable
2019-02-23,Galápagos,-1.0034,-91.0733,27.54,8.003,Unknown,False,154,137.3569945887446,Stable
2019-03-02,Galápagos,-0.9033,-91.0,31.88,8.032,High,True,81,86.24705086580087,Critical
2019-03-08,Hawaiian Islands,19.7718,-155.4683,26.42,8.009,Medium,False,156,153.7037961760462,Stable
2019-03-15,Red Sea,20.122,38.5692,29.35,8.063,Unknown,False,124,115.40322938877041,At-Risk
2019-03-21,South China Sea,10.0379,115.0141,28.66,8.044,Unknown,False,107,111.07160569985567,Critical
2019-03-28,Caribbean Sea,14.986,-75.0846,28.35,8.004,Low,False,104,106.81661023015127,Critical
2019-04-04,Red Sea,20.009,38.5696,29.88,7.944,Low,False,91,98.62843290043291,Critical
2019-04-10,South China Sea,10.047,114.9509,28.16,8.084,Unknown,False,108,115.55341261998872,At-Risk
2019-04-17,Red Sea,20.0053,38.4333,27.6,8.084,Low,False,105,119.56940151515153,At-Risk
2019-04-23,Maldives,3.2248,73.2197,29.33,8.045,Medium,False,132,120.64396748400851,At-Risk
2019-04-30,Red Sea,20.0063,38.4785,28.68,8.073,Unknown,False,118,120.52181516410621,At-Risk
2019-05-07,Maldives,3.2048,73.1856,27.51,8.0,Medium,False,156,137.6889166666667,Stable
2019-05-13,Hawaiian Islands,19.8346,-155.6174,27.42,8.116,Low,False,126,126.95186688311688,At-Risk
2019-05-20,Hawaiian Islands,19.9592,-155.6165,28.92,8.0,Unknown,False,147,138.05018253968254,Stable
2019-05-26,Maldives,3.1434,73.2362,29.45,8.052,High,False,107,108.98511827765935,Critical
2019-06-02,Caribbean Sea,14.9935,-74.9978,28.28,8.103,Medium,False,155,133.28414025346632,Stable
2019-06-08,Caribbean Sea,14.9721,-75.0685,28.37,8.182,Medium,False,109,114.59063852813856,At-Risk
2019-06-15,Great Barrier Reef,-18.2051,147.7831,27.67,8.095,Medium,False,152,146.61526984126985,Stable
2019-06-22,Red Sea,19.981,38.4898,27.63,8.017,Unknown,False,118,123.28550468975467,At-Risk
2019-06-28,Maldives,3.1416,73.2224,27.35,8.085,Low,False,108,121.68949206349207,At-Risk
2019-07-05,Caribbean Sea,15.0165,-74.9583,25.51,8.129,High,False,168,153.37637950937952,Stable
2019-07-11,Red Sea,19.9395,38.5836,29.13,8.002,High,False,112,111.6655735446146,At-Risk
2019-07-18,Caribbean Sea,15.0279,-74.9962,29.31,7.988,Unknown,False,114,116.7118163296073,At-Risk
2019-07-25,Caribbean Sea,14.9293,-75.0056,27.14,8.04,Unknown,False,152,137.2133055555556,Stable
2019-07-31,Galápagos,-0.8992,-90.9351,26.86,8.067,High,False,154,146.8394101731602,Stable
2019-08-07,Great Barrier Reef,-18.28,147.8152,29.09,8.048,Medium,False,109,115.18656421356418,At-Risk
2019-08-13,South China Sea,10.0067,114.9924,29.56,8.077,Medium,False,97,99.5870627705628,Critical
2019-08-20,Caribbean Sea,14.9334,-75.0918,29.26,7.98,Medium,False,80,101.73401190476187,Critical
2019-08-26,South China Sea,10.0194,115.1246,28.49,8.092,Low,False,121,121.62098412698404,At-Risk
2019-09-02,Galápagos,-0.9587,-90.9196,28.06,8.072,Low,False,129,127.23540873015872,At-Risk
2019-09-09,Great Barrier Reef,-18.3205,147.7488,28.24,8.017,Medium,False,130,123.53514971139968,At-Risk
2019-09-15,Maldives,3.1579,73.2221,28.49,8.105,Unknown,False,127,121.61909379509378,At-Risk
2019-09-22,Hawaiian Islands,19.8955,-155.5419,30.59,8.036,Low,True,99,100.00029365079362,Critical
2019-09-28,Caribbean Sea,14.9344,-75.0533,28.04,8.029,Unknown,False,121,123.11201984126981,At-Risk
2019-10-05,Galápagos,-0.951,-90.9391,28.39,8.076,Medium,False,122,118.47218903318907,At-Risk
2019-10-12,Caribbean Sea,14.9012,-75.047,28.28,7.994,Medium,False,131,125.09316012470113,At-Risk
2019-10-18,Red Sea,20.0765,38.5609,28.18,8.131,Medium,False,125,120.45414682539682,At-Risk
2019-10-25,Galápagos,-0.9707,-90.9963,28.05,8.04,Unknown,False,127,127.1324523809524,At-Risk
2019-10-31,Caribbean Sea,15.008,-74.9998,29.16,8.096,Medium,False,127,110.91412573099412,Critical
2019-11-07,South China Sea,9.9258,114.8723,29.9,7.954,Low,False,102,101.65917532467533,Critical
2019-11-13,Caribbean Sea,14.9415,-75.0901,29.31,8.072,Medium,False,103,104.39990399194502,Critical
2019-11-20,Caribbean Sea,14.8704,-75.0273,29.09,7.964,High,False,116,117.9664952617863,At-Risk
2019-11-27,Hawaiian Islands,19.896,-155.5538,28.68,7.998,Unknown,False,136,132.00145490620488,Stable
2019-12-03,Maldives,3.1949,73.2193,27.1,8.056,High,False,120,124.25099747474748,At-Risk
2019-12-10,South China Sea,9.9914,115.0856,26.44,8.01,Medium,False,162,154.7193874458875,Stable
2019-12-16,Caribbean Sea,14.9895,-75.0335,30.06,7.989,Medium,True,131,120.00841630591633,At-Risk
2019-12-23,South China Sea,10.0339,114.9756,31.74,7.955,Medium,True,98,94.44308333333336,Critical
2019-12-30,Hawaiian Islands,19.9118,-155.5177,30.84,8.005,Medium,True,85,101.32149386724387,Critical
2020-01-05,Red Sea,20.023,38.4661,31.52,7.996,Medium,True,84,97.48308730158735,Critical
2020-01-12,South China Sea,10.0092,114.9326,27.04,8.139,Medium,False,124,125.9655512265512,At-Risk
2020-01-18,Maldives,3.1505,73.2475,30.28,8.05,Low,True,117,106.17534126984128,Critical
2020-01-25,South China Sea,9.9622,114.9289,30.75,7.989,Unknown,True,93,96.59296031746037,Critical
2020-02-01,Red Sea,20.0664,38.5278,29.18,8.145,Unknown,False,103,108.39956349206352,Critical
2020-02-07,Red Sea,20.0464,38.5029,28.9,8.118,Low,False,123,121.0150753968254,At-Risk
2020-02-14,Great Barrier Reef,-18.2602,147.7528,27.95,8.019,Unknown,False,109,121.57250793650792,At-Risk
2020-02-20,South China Sea,9.9017,115.1028,26.85,8.072,Medium,False,132,141.6156414141414,Stable
2020-02-27,Red Sea,20.0154,38.5408,29.79,7.995,High,False,104,106.64958477633483,Critical
2020-03-04,Caribbean Sea,15.0141,-75.0124,30.91,8.026,Unknown,True,106,102.43717424242426,Critical
2020-03-11,Red Sea,20.0331,38.5587,28.77,7.98,Unknown,False,123,127.72286827765929,At-Risk
2020-03-18,Great Barrier Reef,-18.3197,147.6728,29.38,8.094,Unknown,False,111,116.71044841269843,At-Risk
2020-03-24,Caribbean Sea,15.0154,-74.9149,28.86,8.173,High,False,124,112.68723051948051,At-Risk
2020-03-31,Galápagos,-1.0418,-90.9279,29.07,8.103,Low,False,124,118.91894444444446,At-Risk
2020-04-06,Galápagos,-0.9607,-91.0268,28.19,8.014,Unknown,False,114,117.46574062049059,At-Risk
2020-04-13,Galápagos,-0.9244,-90.8821,29.09,7.978,Medium,False,120,116.09944047619047,At-Risk
2020-04-20,Caribbean Sea,15.0598,-75.0305,28.3,8.055,High,False,110,115.4453770471126,At-Risk
2020-04-26,Great Barrier Reef,-18.2547,147.6932,29.13,7.993,Unknown,False,107,110.72911038961036,Critical
2020-05-03,Caribbean Sea,15.0361,-75.0186,31.09,7.978,Unknown,True,97,102.11409523809523,Critical
2020-05-09,Hawaiian Islands,19.9434,-155.6537,25.86,8.027,Low,False,165,160.155380952381,Stable
2020-05-16,Great Barrier Reef,-18.3147,147.8271,27.65,8.076,Low,False,151,146.44455952380954,Stable
2020-05-22,South China Sea,10.1003,115.1031,30.31,8.065,Low,True,110,109.15762301587297,Critical
2020-05-29,Caribbean Sea,15.0389,-75.0276,27.27,8.074,Medium,False,129,129.18062301587304,At-Risk
2020-06-05,Caribbean Sea,14.9773,-74.9652,29.93,8.026,High,False,127,115.67327200577202,At-Risk
2020-06-11,Caribbean Sea,14.9429,-75.0097,27.42,7.978,Medium,False,129,130.40288095238094,At-Risk
2020-06-18,Great Barrier Reef,-18.2932,147.7749,29.45,7.98,Medium,False,138,125.19537698412697,At-Risk
2020-06-24,Red Sea,20.0611,38.5291,28.16,8.009,Low,False,117,124.00486034115134,At-Risk
2020-07-01,Red Sea,20.0544,38.5942,30.81,7.979,Medium,True,80,88.24403571428574,Critical
2020-07-08,South China Sea,10.007,114.9116,28.98,8.033,Unknown,False,108,112.5163570159741,At-Risk
2020-07-14,South China Sea,9.9203,115.0257,27.7,8.007,Medium,False,84,106.55948412698412,Critical
2020-07-21,Caribbean Sea,14.9986,-74.9114,30.99,7.977,High,True,86,88.68387518037517,Critical
2020-07-27,South China Sea,10.0234,114.9501,28.95,8.079,Low,False,133,124.82538178532629,At-Risk
2020-08-03,Caribbean Sea,14.995,-75.0102,27.18,8.035,Unknown,False,129,130.6179166666667,At-Risk
2020-08-09,Maldives,3.2212,73.2664,27.3,8.149,Medium,False,127,126.21737265512266,At-Risk
2020-08-16,Red Sea,19.9989,38.4626,24.86,8.167,Medium,False,167,142.38748196248198,Stable
2020-08-23,South China Sea,9.9859,115.0033,29.27,7.956,Low,False,104,112.13865873015875,At-Risk
2020-08-29,Maldives,3.2425,73.158,28.94,7.973,Low,False,122,120.0603091146002,At-Risk
2020-09-05,Red Sea,19.9982,38.4192,30.25,7.978,High,True,90,95.96503787878788,Critical
2020-09-11,Red Sea,20.01,38.5574,26.98,8.084,High,False,141,133.72975541125538,Stable
2020-09-18,Caribbean Sea,15.0347,-74.9912,27.95,8.02,High,False,126,125.17450793650792,At-Risk
2020-09-25,South China Sea,9.9464,114.8539,29.15,8.082,Low,False,78,95.9912281840966,Critical
2020-10-01,South China Sea,9.9495,115.031,31.59,7.989,High,True,78,85.85815007215007,Critical
2020-10-08,Galápagos,-0.9629,-90.8969,27.53,8.029,Medium,False,122,126.17596031746032,At-Risk
2020-10-14,Caribbean Sea,14.9523,-74.9939,30.94,8.017,Unknown,True,91,102.24686868686868,Critical
2020-10-21,Hawaiian Islands,19.8822,-155.661,29.82,8.02,Low,False,104,105.69013131313132,Critical
2020-10-28,Great Barrier Reef,-18.1274,147.7141,27.37,8.051,Unknown,False,148,125.21330699855693,At-Risk
2020-11-03,Caribbean Sea,15.0057,-75.0719,29.88,7.989,Low,False,134,110.18006349206351,Critical
2020-11-10,Red Sea,20.054,38.4776,30.42,8.015,Medium,True,113,105.87161507936511,Critical
2020-11-16,Maldives,3.227,73.1784,27.53,8.121,Low,False,124,128.8790674603175,At-Risk
2020-11-23,Hawaiian Islands,19.8766,-155.6306,29.14,8.14,High,False,97,100.44695238095237,Critical
2020-11-29,Caribbean Sea,15.0012,-74.9294,28.38,8.075,Unknown,False,105,111.71163714812268,At-Risk
2020-12-06,Great Barrier Reef,-18.2657,147.6898,29.98,8.08,High,False,144,123.55336507936508,At-Risk
2020-12-13,Hawaiian Islands,19.9258,-155.5665,28.79,8.027,Medium,False,122,121.81944994980857,At-Risk
2020-12-19,South China Sea,9.9852,115.0084,30.48,7.96,Medium,True,117,109.22930952380952,Critical
2020-12-26,Galápagos,-0.8879,-90.9715,25.32,8.083,Unknown,False,171,160.17835714285712,Stable
2021-01-01,Red Sea,19.9989,38.45,27.74,8.107,Unknown,False,135,122.4134007936508,At-Risk
2021-01-08,Caribbean Sea,14.9881,-75.0183,27.91,8.016,Low,False,150,126.70572077922077,At-Risk
2021-01-15,Red Sea,19.9839,38.5609,30.78,8.054,High,True,90,92.52482359307356,Critical
2021-01-21,Red Sea,20.0202,38.4988,27.14,8.093,Medium,False,115,131.66006746031744,Stable
2021-01-28,South China Sea,10.0594,114.9768,28.8,8.058,Unknown,False,113,115.15396543095102,At-Risk
2021-02-03,South China Sea,10.0293,114.9763,29.81,7.957,Medium,False,108,105.64264285714286,Critical
2021-02-10,Great Barrier Reef,-18.1902,147.6492,27.48,8.096,Low,False,132,131.2772182539683,Stable
2021-02-16,Caribbean Sea,15.0175,-74.9755,29.45,8.086,Medium,False,116,110.18935317460314,Critical
2021-02-23,Hawaiian Islands,19.8847,-155.5492,31.35,7.986,High,True,76,101.3821764069264,Critical
2021-03-02,Galápagos,-0.8984,-90.9716,25.24,8.158,Low,False,144,150.6978373015873,Stable
2021-03-08,Great Barrier Reef,-18.2916,147.7158,28.79,8.08,Low,False,110,114.01562337662334,At-Risk
2021-03-15,South China Sea,10.0257,114.987,29.61,8.059,Unknown,False,94,98.84457864357866,Critical
2021-03-21,Galápagos,-0.8995,-90.9924,29.71,8.044,Medium,False,135,119.76107729468595,At-Risk
2021-03-28,Great Barrier Reef,-18.2983,147.6817,28.47,8.035,Low,False,132,122.96612590187587,At-Risk
2021-04-04,Great Barrier Reef,-18.3679,147.6465,26.9,8.13,Medium,False,161,140.76940873015872,Stable
2021-04-10,Great Barrier Reef,-18.2923,147.6908,28.61,8.106,Unknown,False,105,109.91124999999998,Critical
2021-04-17,Caribbean Sea,15.0119,-74.9512,29.25,8.044,Unknown,False,127,118.8574793887704,At-Risk
2021-04-23,Hawaiian Islands,19.7616,-155.5489,27.52,7.978,High,False,137,133.88775360750364,Stable
2021-04-30,Maldives,3.2715,73.2138,29.93,8.102,Medium,False,125,114.98762734487732,At-Risk
2021-05-06,Maldives,3.2848,73.2578,28.61,7.968,Unknown,False,115,116.56283075962182,At-Risk
2021-05-13,Maldives,3.1606,73.3292,28.24,8.061,Unknown,False,130,124.3579303267214,At-Risk
2021-05-20,Maldives,3.205,73.3055,27.57,8.078,High,False,118,122.82145887445886,At-Risk
2021-05-26,Maldives,3.1368,73.1901,28.44,8.03,Low,False,110,110.82347061976168,Critical
2021-06-02,Caribbean Sea,14.9297,-75.0042,26.24,8.133,Unknown,False,143,145.74429617604622,Stable
2021-06-08,South China Sea,9.9271,114.9845,27.37,8.089,Unknown,False,151,142.356253968254,Stable
2021-06-15,Maldives,3.109,73.2265,28.26,8.088,Low,False,125,120.26289935064933,At-Risk
2021-06-22,Red Sea,19.9624,38.484,27.31,8.128,Unknown,False,132,130.6847936507936,At-Risk
2021-06-28,Galápagos,-0.8587,-90.9686,27.44,7.996,Low,False,103,115.278876984127,At-Risk
2021-07-05,Great Barrier Reef,-18.3663,147.7126,29.26,7.956,Low,False,125,119.17454761904764,At-Risk
2021-07-11,Maldives,3.1786,73.228,30.92,8.046,Unknown,True,91,97.86526190476192,Critical
2021-07-18,Galápagos,-0.9984,-91.0732,27.42,8.061,Unknown,False,115,121.15547222222222,At-Risk
2021-07-25,Great Barrier Reef,-18.2937,147.703,28.16,8.024,Medium,False,125,120.90318542568548,At-Risk
2021-07-31,Hawaiian Islands,19.9189,-155.6373,30.62,8.003,Low,True,99,106.53661291486293,Critical
2021-08-07,Maldives,3.2382,73.2324,29.93,8.036,Medium,False,96,103.20019083694086,Critical
2021-08-13,Galápagos,-0.9357,-91.0228,28.66,8.045,Low,False,115,116.22004220779223,At-Risk
2021-08-20,Hawaiian Islands,19.8904,-155.6769,27.68,8.071,High,False,130,129.2819935064935,At-Risk
2021-08-26,Great Barrier Reef,-18.3385,147.7625,27.2,8.124,Unknown,False,139,143.67456349206347,Stable
2021-09-02,Red Sea,19.9677,38.5888,26.71,8.132,High,False,152,145.74476190476193,Stable
2021-09-09,South China Sea,9.9665,115.0696,28.12,8.072,Medium,False,127,125.91556746031742,At-Risk
2021-09-15,Red Sea,19.9933,38.5405,29.69,7.939,Unknown,False,127,118.78963888888887,At-Risk
2021-09-22,Hawaiian Islands,19.8137,-155.5312,30.19,7.962,Low,True,96,101.13870815295819,Critical
2021-09-28,Galápagos,-1.0091,-90.9763,28.04,8.098,Unknown,False,144,127.94147222222222,At-Risk
2021-10-05,South China Sea,10.0698,114.9719,28.19,7.972,Medium,False,111,112.79507679136786,At-Risk
2021-10-12,Galápagos,-0.9056,-90.8848,26.65,8.057,Medium,False,138,141.90421825396825,Stable
2021-10-18,Great Barrier Reef,-18.2731,147.6587,29.14,8.014,Low,False,113,114.18462698412692,At-Risk
2021-10-25,Great Barrier Reef,-18.2598,147.6995,27.85,8.058,Medium,False,125,121.48957287157289,At-Risk
2021-10-31,South China Sea,9.9815,114.9871,30.9,8.03,Medium,True,91,93.71164682539685,Critical
2021-11-07,Red Sea,20.0348,38.4833,30.26,8.033,Low,True,100,100.59168650793654,Critical
2021-11-13,Maldives,3.2252,73.1422,26.81,8.024,Unknown,False,139,152.25895490620493,Stable
2021-11-20,Red Sea,20.0866,38.6116,29.46,8.056,Medium,False,83,101.44624057203166,Critical
2021-11-27,Great Barrier Reef,-18.3142,147.6598,27.57,8.06,High,False,122,126.59377741702741,At-Risk
2021-12-03,South China Sea,9.901,115.0374,26.89,8.094,High,False,167,142.45423015873013,Stable
2021-12-10,Hawaiian Islands,19.8508,-155.7093,28.07,8.114,Medium,False,153,132.78769047619045,Stable
2021-12-16,Red Sea,19.9385,38.5248,27.8,8.059,Unknown,False,166,143.47732936507936,Stable
2021-12-23,Red Sea,19.9249,38.5127,29.2,8.09,Unknown,False,114,112.40891505278343,At-Risk
2021-12-30,South China Sea,10.0154,114.9804,28.9,8.025,Low,False,125,117.5629103744514,At-Risk
2022-01-05,Red Sea,19.9815,38.5189,28.46,8.107,Medium,False,119,119.97979761904762,At-Risk
2022-01-12,Hawaiian Islands,19.8081,-155.5197,27.14,8.044,Low,False,124,125.355294011544,At-Risk
2022-01-18,South China Sea,10.0687,114.8932,33.21,8.009,Low,True,76,93.1896785714286,Critical
2022-01-25,Hawaiian Islands,19.8941,-155.5685,29.28,8.067,High,False,120,115.76480348516216,At-Risk
2022-01-31,Hawaiian Islands,19.9013,-155.5927,28.27,8.045,Unknown,False,139,130.1171031746032,At-Risk
2022-02-07,Red Sea,20.0297,38.353,29.48,8.04,High,False,109,116.19729684908788,At-Risk
2022-02-14,Hawaiian Islands,19.8774,-155.5266,29.92,7.983,Medium,False,111,110.7879246031746,Critical
2022-02-20,South China Sea,9.9514,114.931,27.56,8.112,Low,False,143,136.61809992784993,Stable
2022-02-27,Caribbean Sea,15.0257,-74.9637,29.27,8.002,Low,False,118,112.9786062618973,At-Risk
2022-03-05,South China Sea,10.04,115.0377,30.28,8.05,Unknown,True,107,108.17003535353531,Critical
2022-03-12,Caribbean Sea,15.0535,-75.0013,27.18,8.068,Medium,False,122,127.62083333333338,At-Risk
2022-03-19,Galápagos,-0.9876,-90.9728,27.31,8.058,High,False,103,112.64847041847047,At-Risk
2022-03-25,Galápagos,-0.9431,-90.9655,27.27,8.107,Medium,False,146,135.0168961038961,Stable
2022-04-01,Red Sea,19.9196,38.4619,27.35,8.026,Low,False,143,134.86275396825397,Stable
2022-04-07,South China Sea,9.9903,114.9868,25.49,8.142,Medium,False,131,139.40578174603175,Stable
2022-04-14,Galápagos,-0.9508,-90.9517,30.54,7.944,High,True,54,83.82865079365078,Critical
2022-04-20,Hawaiian Islands,19.906,-155.4928,30.36,8.023,Medium,True,94,99.99574783549782,Critical
2022-04-27,Great Barrier Reef,-18.2467,147.6505,29.21,8.061,High,False,128,123.07338095238092,At-Risk
2022-05-04,South China Sea,10.138,115.0196,27.74,8.064,Medium,False,101,112.05656746031744,At-Risk
2022-05-10,Red Sea,19.9653,38.4795,27.71,8.073,High,False,115,120.22545634920635,At-Risk
2022-05-17,Galápagos,-0.8977,-90.9656,28.49,8.034,High,False,122,115.99677236652232,At-Risk
2022-05-23,Great Barrier Reef,-18.2458,147.6558,27.51,8.055,Medium,False,109,127.54411616161615,At-Risk
2022-05-30,Galápagos,-0.9948,-90.9894,29.81,8.037,Unknown,False,109,112.3571130089717,At-Risk
2022-06-06,Great Barrier Reef,-18.2446,147.6923,29.09,8.033,Low,False,118,113.81621861471857,At-Risk
2022-06-12,Galápagos,-0.9829,-91.0875,28.3,8.125,Unknown,False,135,124.7982936507936,At-Risk
2022-06-19,Hawaiian Islands,19.9451,-155.521,28.63,8.057,Medium,False,109,122.12047493734332,At-Risk
2022-06-25,South China Sea,9.9842,115.0308,30.31,8.007,Medium,True,95,106.50589682539677,Critical
2022-07-02,Red Sea,20.0,38.5301,26.33,7.979,Unknown,False,133,143.71098340548343,Stable
2022-07-09,Red Sea,19.939,38.4746,28.28,8.032,Medium,False,144,135.6152055792466,Stable
2022-07-15,Maldives,3.2191,73.2357,29.43,7.974,Low,False,126,120.42157895587003,At-Risk
2022-07-22,Great Barrier Reef,-18.2909,147.7327,26.89,8.004,Unknown,False,148,145.98038888888885,Stable
2022-07-28,Great Barrier Reef,-18.2683,147.6541,27.2,8.132,Medium,False,115,123.11837698412697,At-Risk
2022-08-04,Red Sea,20.0821,38.455,29.46,8.014,Medium,False,119,116.39974923004029,At-Risk
2022-08-10,Red Sea,19.9728,38.4919,28.56,7.999,Unknown,False,130,132.08468573797674,Stable
2022-08-17,Great Barrier Reef,-18.3128,147.6878,27.01,7.952,Low,False,132,130.12133549783547,At-Risk
2022-08-24,Galápagos,-0.8332,-90.9264,28.47,8.037,Unknown,False,120,119.4348755411255,At-Risk
2022-08-30,South China Sea,10.0274,114.941,30.17,8.052,Low,True,114,108.03535714285718,Critical
2022-09-06,Galápagos,-0.9319,-90.9646,29.51,8.059,Medium,False,104,108.29640197001066,Critical
2022-09-12,Red Sea,19.9713,38.5051,30.82,7.942,Medium,True,74,86.47890476190476,Critical
2022-09-19,Hawaiian Islands,19.905,-155.5803,28.76,8.057,Unknown,False,114,118.79534696507405,At-Risk
2022-09-26,Hawaiian Islands,19.9713,-155.6628,27.26,8.07,Low,False,107,117.3647243867244,At-Risk
2022-10-02,Hawaiian Islands,19.888,-155.4997,28.53,8.061,Low,False,100,107.09619932406775,Critical
2022-10-09,Maldives,3.172,73.2019,28.02,8.124,Low,False,133,118.89117135642132,At-Risk
2022-10-15,South China Sea,9.9444,115.0123,29.25,8.092,Medium,False,136,127.71522619047617,At-Risk
2022-10-22,Hawaiian Islands,19.846,-155.6233,26.61,8.076,High,False,145,147.1356825396826,Stable
2022-10-28,Great Barrier Reef,-18.2377,147.6954,28.02,8.067,High,False,112,116.34209199134202,At-Risk
2022-11-04,South China Sea,10.1045,114.9196,28.78,8.146,Medium,False,117,115.54844047619048,At-Risk
2022-11-11,Hawaiian Islands,19.8873,-155.6007,28.23,8.124,Unknown,False,89,104.9713373015873,Critical
2022-11-17,Galápagos,-0.8771,-91.0368,28.1,8.037,Unknown,False,132,128.05444444444444,At-Risk
2022-11-24,Caribbean Sea,14.9201,-74.9769,31.54,7.921,Low,True,92,103.52619841269845,Critical
2022-11-30,Red Sea,19.9669,38.5213,28.53,8.017,Unknown,False,127,128.1872397672808,At-Risk
2022-12-07,South China Sea,10.0902,114.9905,29.58,7.964,Medium,False,94,106.70774603174607,Critical
2022-12-14,Caribbean Sea,15.0236,-74.9258,29.03,8.024,Unknown,False,114,114.40621415883128,At-Risk
2022-12-20,Hawaiian Islands,19.8343,-155.5526,29.82,8.001,Unknown,False,99,105.5402785933873,Critical
2022-12-27,Caribbean Sea,15.0133,-75.0218,28.4,8.157,Unknown,False,117,115.71438852813851,At-Risk
2023-01-02,Caribbean Sea,14.9821,-75.0324,29.62,8.019,Unknown,False,99,106.26795238095241,Critical
2023-01-09,Red Sea,20.0661,38.571,27.6,7.975,Unknown,False,144,133.34378643578646,Stable
2023-01-15,Red Sea,19.9658,38.5395,25.54,8.154,High,False,131,136.69252380952383,Stable
2023-01-22,Red Sea,20.0365,38.5007,27.07,8.058,High,False,144,135.86807900432896,Stable
2023-01-29,Red Sea,20.0053,38.5292,31.46,7.912,Unknown,True,114,105.87653571428575,Critical
2023-02-04,Hawaiian Islands,19.902,-155.6277,26.5,8.08,Unknown,False,153,150.11690331890335,Stable
2023-02-11,Caribbean Sea,14.9936,-74.9244,26.32,8.093,Low,False,122,144.36827380952383,Stable
2023-02-17,Caribbean Sea,15.0182,-74.9557,27.87,7.932,High,False,129,127.80269841269839,At-Risk
2023-02-24,Galápagos,-0.932,-90.9454,30.35,7.959,Unknown,True,111,107.00805735930737,Critical
2023-03-03,Caribbean Sea,15.0596,-75.0889,28.98,8.015,Medium,False,113,112.99801971438683,At-Risk
2023-03-09,Red Sea,20.0174,38.4756,27.49,8.072,Medium,False,113,118.08313095238094,At-Risk
2023-03-16,Great Barrier Reef,-18.3414,147.7332,26.78,8.118,Low,False,144,144.77691522366524,Stable
2023-03-22,South China Sea,9.9137,114.9661,30.29,7.965,Low,True,95,100.70594841269842,Critical
2023-03-29,Galápagos,-0.9307,-90.9264,28.12,8.028,High,False,145,129.55143831168834,At-Risk
2023-04-05,South China Sea,10.0869,115.0489,28.63,8.007,High,False,106,112.75380158730157,At-Risk
2023-04-11,Maldives,3.2289,73.2416,30.6,8.04,Low,True,76,89.19454761904764,Critical
2023-04-18,South China Sea,10.0526,114.9501,27.92,8.074,Unknown,False,155,139.6294166666667,Stable
2023-04-24,Great Barrier Reef,-18.1316,147.7295,28.23,8.082,Medium,False,136,118.44175396825402,At-Risk
2023-05-01,Red Sea,19.984,38.5898,28.85,8.068,Low,False,126,119.58880081734189,At-Risk
2023-05-07,Red Sea,20.0211,38.5419,27.57,8.041,Unknown,False,112,123.41553246753244,At-Risk
2023-05-14,Great Barrier Reef,-18.2651,147.7381,29.19,8.12,Unknown,False,113,113.00203968253965,At-Risk
2023-05-21,Hawaiian Islands,19.9302,-155.6374,27.92,8.096,Medium,False,138,129.5203924963925,At-Risk
2023-05-27,Red Sea,19.9853,38.4964,26.22,8.078,Unknown,False,156,149.1890566378067,Stable
2023-06-03,Galápagos,-0.925,-90.9406,28.57,8.049,Low,False,109,109.32605952380949,Critical
2023-06-09,Hawaiian Islands,19.9317,-155.5618,29.24,8.009,Low,False,80,103.00852570738442,Critical
2023-06-16,South China Sea,10.0549,114.9761,27.21,8.111,Low,False,127,130.23266486291487,At-Risk
2023-06-23,Hawaiian Islands,19.9498,-155.5519,29.53,7.961,Medium,False,127,122.30306349206344,At-Risk
2023-06-29,Galápagos,-0.9407,-90.9841,28.72,7.957,Unknown,False,123,121.5641691919192,At-Risk
2023-07-06,Maldives,3.1513,73.1531,26.22,8.151,Medium,False,133,138.8718055555556,Stable
2023-07-12,Caribbean Sea,15.0767,-75.0268,25.94,8.045,Low,False,164,161.3997723665224,Stable
2023-07-19,Galápagos,-0.9616,-90.993,28.74,8.07,Low,False,134,124.55486156597026,At-Risk
2023-07-25,Hawaiian Islands,19.9692,-155.6008,26.51,8.069,Unknown,False,143,150.76040331890334,Stable
2023-08-01,Caribbean Sea,14.9518,-75.0479,29.02,8.037,High,False,115,114.61924301886015,At-Risk
2023-08-08,Caribbean Sea,14.9621,-75.0115,27.11,8.122,Medium,False,149,129.25173376623377,At-Risk
2023-08-14,Maldives,3.1105,73.1742,26.26,8.062,Low,False,141,143.10008333333337,Stable
2023-08-21,South China Sea,9.9275,114.9539,26.99,8.09,Medium,False,136,136.95714285714288,Stable
2023-08-27,Galápagos,-0.9899,-90.9568,27.68,8.053,Low,False,153,134.79367857142856,Stable
2023-09-03,Caribbean Sea,15.067,-75.065,29.74,8.066,Low,False,90,99.85334956709956,Critical
2023-09-10,Red Sea,20.0409,38.5769,26.82,8.038,Unknown,False,152,149.54363672438672,Stable
2023-09-16,Hawaiian Islands,19.9104,-155.5552,29.01,8.059,Low,False,94,115.80495410793121,At-Risk
2023-09-23,Galápagos,-0.9014,-90.9071,28.16,8.055,Low,False,100,109.02404689754692,Critical
2023-09-29,Red Sea,20.0257,38.5286,28.41,8.108,High,False,115,118.00065476190474,At-Risk
2023-10-06,Great Barrier Reef,-18.2589,147.6482,28.46,8.042,Medium,False,123,119.80311111111111,At-Risk
2023-10-12,South China Sea,9.9815,114.9934,29.74,8.003,Unknown,False,83,96.30763023088022,Critical
2023-10-19,Red Sea,20.0875,38.5691,26.56,8.123,Unknown,False,131,136.6603603896104,Stable
2023-10-26,Caribbean Sea,15.0132,-74.9853,28.15,8.018,High,False,113,113.25108825695538,At-Risk
2023-11-01,Great Barrier Reef,-18.3329,147.6576,28.4,8.016,Unknown,False,131,119.0161378066378,At-Risk
2023-11-08,Hawaiian Islands,19.9712,-155.6118,28.86,8.068,Unknown,False,123,125.73969878430749,At-Risk
2023-11-14,Great Barrier Reef,-18.2833,147.7363,29.22,7.974,Medium,False,125,123.24587698412695,At-Risk
2023-11-21,Hawaiian Islands,19.9412,-155.621,28.56,8.083,Medium,False,116,119.71254239766084,At-Risk
2023-11-28,Great Barrier Reef,-18.2335,147.8174,27.32,8.005,Low,False,136,139.73956529581528,Stable
2023-12-04,Galápagos,-0.9177,-90.9771,30.68,7.939,Medium,True,108,107.77460714285718,Critical
2023-12-11,Maldives,3.1725,73.3067,31.49,7.952,Medium,True,81,87.45826190476193,Critical
2023-12-17,Caribbean Sea,15.043,-75.0194,28.43,8.053,Low,False,91,109.68804532766245,Critical
2023-12-24,Red Sea,19.9993,38.4655,27.76,8.137,Medium,False,108,117.29063888888894,At-Risk
2023-12-31,Red Sea,20.0407,38.4861,28.08,8.098,Unknown,False,129,129.46712545787545,At-Risk
