date,year,month,co2_ppm,ch4_ppb,sea_level_mm,arctic_ice_extent_mkm2,ocean_heat_content_zj,co2_yoy_change
1958-01-01,1958,1,314.84,717.8,-1.8,10.31,2.2,-0.16
1958-02-01,1958,2,313.34,723.2,2.3,6.95,0.8,0.09
1958-03-01,1958,3,312.23,722.6,-1.53,6.61,3.9,0.261
1958-04-01,1958,4,311.77,720.9,-2.97,7.63,-2.5,0.27
1958-05-01,1958,5,312.53,724.3,2.71,10.15,1.2,0.561
1958-06-01,1958,6,313.88,724.9,2.37,12.25,4.4,0.63
1958-07-01,1958,7,315.96,724.1,1.01,15.79,0.9,0.96
1958-08-01,1958,8,317.39,721.8,1.83,17.11,3.4,0.64
1958-09-01,1958,9,319.01,723.4,1.56,17.78,5.8,0.979
1958-10-01,1958,10,319.58,726.1,1.25,17.02,7.5,1.08
1958-11-01,1958,11,319.04,721.1,1.68,15.77,1.9,1.009
1958-12-01,1958,12,318.19,721.5,-5.15,12.55,5.2,1.44
1959-01-01,1959,1,316.61,723.5,-2.09,9.41,1.4,1.61
1959-02-01,1959,2,315.06,728.1,1.88,7.69,6.8,1.681
1959-03-01,1959,3,313.91,726.3,-2.45,6.93,5.1,1.694
1959-04-01,1959,4,313.42,728.6,-0.24,7.44,-2.7,1.54
1959-05-01,1959,5,313.96,728.8,0.27,10.44,9.7,1.483
1959-06-01,1959,6,315.64,727.9,-0.53,12.84,7.2,1.748
1959-07-01,1959,7,317.45,725.9,-3.86,15.03,7.5,1.678
1959-08-01,1959,8,319.3,727.7,-0.22,17.32,11.5,1.643
1959-09-01,1959,9,320.66,728.2,-0.61,18.43,9.7,1.587
1959-10-01,1959,10,321.19,728.1,0.95,17.16,8.1,1.517
1959-11-01,1959,11,320.77,731.7,0.51,15.41,9.2,1.43
1959-12-01,1959,12,319.94,733.0,-1.76,12.55,8.9,1.749
1960-01-01,1960,1,318.06,729.2,1.82,9.9,13.0,1.482
1960-02-01,1960,2,316.79,730.1,0.48,7.93,8.3,1.825
1960-03-01,1960,3,315.62,731.6,1.04,7.04,4.8,1.808
1960-04-01,1960,4,315.1,732.6,1.8,7.7,12.8,1.619
1960-05-01,1960,5,315.73,732.2,3.78,9.52,11.8,1.647
1960-06-01,1960,6,317.25,734.2,1.94,12.37,8.7,1.748
1960-07-01,1960,7,319.26,734.3,0.3,15.39,10.5,1.874
1960-08-01,1960,8,321.11,734.6,-2.11,16.97,12.3,1.835
1960-09-01,1960,9,322.61,738.0,3.21,18.01,12.8,1.915
1960-10-01,1960,10,322.98,733.2,-0.81,17.07,11.5,1.682
1960-11-01,1960,11,322.84,737.6,-0.76,15.49,10.8,1.871
1960-12-01,1960,12,321.43,737.1,3.3,12.37,14.3,1.607
1961-01-01,1961,1,319.84,736.7,1.34,9.46,11.9,1.628
1961-02-01,1961,2,318.3,738.2,0.07,7.71,13.5,1.698
1961-03-01,1961,3,316.87,737.0,1.17,7.15,16.4,1.422
1961-04-01,1961,4,316.85,737.4,1.79,7.8,15.7,1.731
1961-05-01,1961,5,317.45,741.2,0.71,9.99,7.3,1.726
1961-06-01,1961,6,318.83,742.6,-1.4,12.03,15.1,1.684
1961-07-01,1961,7,320.61,743.9,-0.78,15.2,14.0,1.578
1961-08-01,1961,8,322.43,738.3,2.89,17.25,22.8,1.507
1961-09-01,1961,9,324.13,742.9,-1.58,18.3,13.0,1.784
1961-10-01,1961,10,324.74,741.4,1.75,17.75,14.6,1.788
1961-11-01,1961,11,324.46,743.3,-0.69,15.25,17.2,1.836
1961-12-01,1961,12,323.18,744.6,-1.79,12.62,19.1,1.7
1962-01-01,1962,1,321.67,739.3,-3.17,9.19,20.6,1.798
1962-02-01,1962,2,319.88,748.4,2.0,7.19,27.1,1.615
1962-03-01,1962,3,318.82,744.3,-2.39,6.73,15.4,1.708
1962-04-01,1962,4,318.49,741.9,1.01,7.53,21.9,1.704
1962-05-01,1962,5,319.09,748.5,-1.0,9.74,18.1,1.698
1962-06-01,1962,6,320.47,747.1,-0.28,12.72,20.3,1.654
1962-07-01,1962,7,322.33,744.5,-1.62,15.1,18.2,1.625
1962-08-01,1962,8,324.38,746.7,4.42,16.98,17.9,1.782
1962-09-01,1962,9,325.88,746.5,-2.33,18.45,21.1,1.858
1962-10-01,1962,10,326.33,747.9,2.76,16.99,17.9,1.7
1962-11-01,1962,11,326.01,748.2,-0.56,15.47,21.9,1.706
1962-12-01,1962,12,324.89,743.6,2.47,12.79,23.3,1.728
1963-01-01,1963,1,322.85,748.4,2.72,10.01,21.8,1.294
1963-02-01,1963,2,321.91,747.2,-2.38,7.08,27.2,1.96
1963-03-01,1963,3,320.51,749.3,-0.93,7.54,22.7,1.711
1963-04-01,1963,4,319.93,751.3,2.38,8.29,23.1,1.456
1963-05-01,1963,5,320.76,750.8,-0.08,10.56,21.3,1.677
1963-06-01,1963,6,322.27,749.9,-0.25,12.41,24.6,1.762
1963-07-01,1963,7,324.12,748.2,0.16,15.23,21.2,1.722
1963-08-01,1963,8,326.09,754.7,2.1,16.92,19.8,1.797
1963-09-01,1963,9,327.51,751.5,-0.63,18.17,26.1,1.791
1963-10-01,1963,10,327.63,749.5,-1.18,17.08,23.0,1.302
1963-11-01,1963,11,327.76,750.0,3.51,15.77,34.7,1.756
1963-12-01,1963,12,326.65,753.5,0.87,12.47,25.2,1.786
1964-01-01,1964,1,324.61,756.1,-1.67,10.07,26.9,1.351
1964-02-01,1964,2,323.42,756.9,3.18,7.75,25.8,1.765
1964-03-01,1964,3,322.19,756.6,0.97,6.87,28.5,1.68
1964-04-01,1964,4,321.69,758.8,-0.56,7.78,29.3,1.504
1964-05-01,1964,5,322.53,753.9,-0.9,9.32,28.3,1.734
1964-06-01,1964,6,323.97,754.4,1.23,12.46,25.3,1.746
1964-07-01,1964,7,326.02,755.8,-2.08,15.17,30.4,1.905
1964-08-01,1964,8,327.47,758.3,-1.82,17.67,28.5,1.459
1964-09-01,1964,9,329.41,758.6,0.67,18.23,29.8,1.972
1964-10-01,1964,10,329.81,756.5,1.95,17.07,34.8,1.761
1964-11-01,1964,11,329.42,760.2,1.84,15.34,28.1,1.693
1964-12-01,1964,12,328.29,758.1,-1.86,12.86,30.5,1.703
1965-01-01,1965,1,326.86,760.1,0.1,9.98,28.8,1.876
1965-02-01,1965,2,325.14,760.6,-4.16,7.78,29.3,1.759
1965-03-01,1965,3,324.2,764.4,0.6,6.9,30.7,1.967
1965-04-01,1965,4,323.52,761.0,-1.65,7.98,32.6,1.609
1965-05-01,1965,5,324.18,764.6,0.5,9.67,32.4,1.658
1965-06-01,1965,6,325.71,757.9,-0.74,12.14,31.9,1.76
1965-07-01,1965,7,327.57,759.4,-0.97,15.68,34.1,1.727
1965-08-01,1965,8,329.44,764.1,3.02,17.45,36.7,1.7
1965-09-01,1965,9,330.95,760.2,-3.71,17.75,37.3,1.781
1965-10-01,1965,10,331.51,761.7,0.18,17.36,36.4,1.729
1965-11-01,1965,11,331.22,762.4,-3.29,15.07,34.4,1.76
1965-12-01,1965,12,330.01,766.1,0.4,12.29,32.5,1.688
1966-01-01,1966,1,328.47,763.8,0.97,9.66,35.9,1.75
1966-02-01,1966,2,326.82,763.8,1.99,7.62,37.7,1.702
1966-03-01,1966,3,325.54,765.5,1.73,6.96,35.7,1.57
1966-04-01,1966,4,325.42,766.6,-0.57,7.61,44.7,1.77
1966-05-01,1966,5,325.86,767.8,1.4,9.37,42.6,1.598
1966-06-01,1966,6,327.47,766.3,2.54,12.65,38.6,1.778
1966-07-01,1966,7,329.38,766.0,-0.23,15.28,36.4,1.794
1966-08-01,1966,8,331.35,763.6,-1.6,17.49,39.9,1.866
1966-09-01,1966,9,332.69,769.8,-1.51,17.94,35.5,1.776
1966-10-01,1966,10,333.13,771.3,-2.27,17.18,42.7,1.603
1966-11-01,1966,11,333.07,768.9,1.19,15.01,39.0,1.863
1966-12-01,1966,12,331.91,770.6,-1.19,12.39,36.2,1.84
1967-01-01,1967,1,330.32,770.3,1.94,10.11,40.2,1.851
1967-02-01,1967,2,328.74,772.0,2.76,7.4,39.8,1.872
1967-03-01,1967,3,327.68,770.2,0.67,6.93,40.2,1.958
1967-04-01,1967,4,327.06,773.1,3.28,7.99,38.9,1.657
1967-05-01,1967,5,327.73,777.0,-1.25,9.93,43.6,1.714
1967-06-01,1967,6,329.21,770.4,0.55,12.71,45.6,1.763
1967-07-01,1967,7,331.11,770.3,0.48,15.43,38.7,1.768
1967-08-01,1967,8,333.23,774.4,2.11,17.38,44.5,1.989
1967-09-01,1967,9,334.51,777.3,-1.14,17.82,36.9,1.838
1967-10-01,1967,10,335.05,773.5,0.63,16.96,47.8,1.764
1967-11-01,1967,11,334.91,778.2,0.11,15.3,41.7,1.943
1967-12-01,1967,12,333.69,773.5,2.49,12.06,40.8,1.859
1968-01-01,1968,1,331.87,776.0,1.61,9.4,42.4,1.639
1968-02-01,1968,2,330.36,778.1,-0.43,7.68,49.4,1.728
1968-03-01,1968,3,329.48,782.5,2.75,7.18,47.4,1.989
1968-04-01,1968,4,328.9,776.1,0.82,7.87,46.0,1.727
1968-05-01,1968,5,329.55,782.6,0.4,9.54,49.3,1.763
1968-06-01,1968,6,330.74,779.9,3.04,12.55,50.2,1.521
1968-07-01,1968,7,332.74,778.5,0.34,15.63,45.5,1.625
1968-08-01,1968,8,334.68,782.0,-0.6,17.37,49.8,1.664
1968-09-01,1968,9,336.29,778.5,-0.4,18.0,48.0,1.843
1968-10-01,1968,10,336.9,783.4,1.44,17.03,46.2,1.838
1968-11-01,1968,11,336.2,781.1,2.18,15.88,46.1,1.456
1968-12-01,1968,12,335.28,781.0,3.24,12.62,47.4,1.67
1969-01-01,1969,1,333.77,785.4,0.42,10.17,51.0,1.759
1969-02-01,1969,2,332.16,784.6,-0.53,7.1,47.2,1.748
1969-03-01,1969,3,331.21,785.6,0.53,6.81,50.6,1.942
1969-04-01,1969,4,330.65,784.6,-0.98,7.58,54.4,1.7
1969-05-01,1969,5,331.32,788.2,2.18,10.02,55.6,1.755
1969-06-01,1969,6,332.81,785.8,0.42,12.83,47.7,1.812
1969-07-01,1969,7,334.59,786.5,-0.68,15.83,49.5,1.695
1969-08-01,1969,8,336.35,785.6,-3.26,17.08,50.9,1.553
1969-09-01,1969,9,338.09,786.5,-1.48,17.93,60.2,1.861
1969-10-01,1969,10,338.6,788.9,0.2,16.88,49.9,1.755
1969-11-01,1969,11,338.44,787.8,0.03,15.6,56.6,1.912
1969-12-01,1969,12,337.13,786.4,-1.45,12.18,55.6,1.736
1970-01-01,1970,1,335.47,786.8,-1.54,10.07,52.6,1.674
1970-02-01,1970,2,334.39,790.3,-1.13,7.19,56.8,2.191
1970-03-01,1970,3,332.96,789.6,0.6,7.46,57.2,1.905
1970-04-01,1970,4,332.59,792.0,-0.59,7.48,49.6,1.852
1970-05-01,1970,5,332.96,787.6,2.53,9.91,58.7,1.605
1970-06-01,1970,6,334.81,796.1,-0.09,11.93,54.1,2.022
1970-07-01,1970,7,336.58,790.4,-2.41,15.17,56.6,1.894
1970-08-01,1970,8,338.36,792.2,4.03,17.54,57.6,1.772
1970-09-01,1970,9,340.04,790.7,-0.45,17.96,53.3,2.018
1970-10-01,1970,10,340.44,793.1,-0.89,17.13,55.3,1.801
1970-11-01,1970,11,339.87,793.6,2.89,14.92,57.5,1.547
1970-12-01,1970,12,339.15,797.8,0.23,12.1,58.0,1.96
1971-01-01,1971,1,337.06,792.8,-1.52,10.32,60.3,1.467
1971-02-01,1971,2,336.02,791.5,3.31,7.98,61.3,2.024
1971-03-01,1971,3,334.83,794.8,1.45,7.12,57.6,1.977
1971-04-01,1971,4,334.47,793.0,-0.33,7.72,57.6,1.933
1971-05-01,1971,5,334.96,795.7,-2.29,10.0,62.4,1.806
1971-06-01,1971,6,336.43,799.2,2.02,12.52,65.9,1.841
1971-07-01,1971,7,338.23,796.6,-1.92,15.58,62.5,1.743
1971-08-01,1971,8,340.36,795.7,-1.85,17.07,60.3,1.969
1971-09-01,1971,9,341.32,799.2,-0.37,17.87,57.7,1.495
1971-10-01,1971,10,342.38,797.7,-3.08,17.18,57.8,1.937
1971-11-01,1971,11,341.91,796.7,-0.64,15.04,64.6,1.783
1971-12-01,1971,12,340.94,798.6,0.47,12.42,65.0,1.945
1972-01-01,1972,1,338.97,798.5,-2.62,9.19,66.2,1.571
1972-02-01,1972,2,337.45,801.4,-0.88,7.95,70.2,1.647
1972-03-01,1972,3,336.32,802.0,-1.76,6.7,63.9,1.654
1972-04-01,1972,4,336.04,803.6,1.96,7.87,66.6,1.689
1972-05-01,1972,5,336.74,800.2,1.41,9.86,66.6,1.771
1972-06-01,1972,6,338.34,800.1,-0.03,12.13,66.2,1.936
1972-07-01,1972,7,340.1,805.8,-3.49,14.84,59.4,1.797
1972-08-01,1972,8,342.21,806.1,0.86,17.19,65.6,2.002
1972-09-01,1972,9,343.64,805.7,2.93,17.92,68.6,1.997
1972-10-01,1972,10,343.66,802.8,1.14,17.7,62.1,1.399
1972-11-01,1972,11,343.64,804.7,2.55,15.61,68.6,1.693
1972-12-01,1972,12,342.51,809.9,0.23,12.75,65.4,1.695
1973-01-01,1973,1,340.97,805.2,-0.49,9.71,70.9,1.75
1973-02-01,1973,2,339.21,808.1,3.24,7.97,70.0,1.585
1973-03-01,1973,3,338.38,806.5,-1.23,7.11,71.1,1.897
1973-04-01,1973,4,337.99,806.7,1.53,7.47,66.7,1.821
1973-05-01,1973,5,339.06,805.8,-1.09,9.73,72.6,2.272
1973-06-01,1973,6,339.94,809.5,1.91,12.3,65.1,1.716
1973-07-01,1973,7,342.04,805.2,1.61,14.88,66.5,1.916
1973-08-01,1973,8,343.82,810.2,3.53,16.72,67.3,1.791
1973-09-01,1973,9,345.8,811.2,-0.82,18.06,70.8,2.335
1973-10-01,1973,10,345.41,809.9,-1.9,17.44,66.5,1.326
1973-11-01,1973,11,345.47,811.2,-0.63,15.49,70.9,1.7
1973-12-01,1973,12,344.51,810.7,0.12,12.91,75.5,1.87
1974-01-01,1974,1,342.86,811.7,-2.72,9.61,72.8,1.815
1974-02-01,1974,2,341.44,811.9,0.29,7.83,69.1,1.99
1974-03-01,1974,3,340.25,813.7,-4.8,7.18,77.6,1.94
1974-04-01,1974,4,339.94,809.7,1.03,7.7,69.2,1.944
1974-05-01,1974,5,340.55,812.2,0.23,9.41,74.6,1.934
1974-06-01,1974,6,342.21,814.1,-3.12,12.88,74.2,2.157
1974-07-01,1974,7,343.9,816.8,2.02,15.12,73.5,1.947
1974-08-01,1974,8,345.92,815.0,-0.6,17.74,72.9,2.061
1974-09-01,1974,9,346.95,816.7,1.84,17.7,69.0,1.654
1974-10-01,1974,10,347.64,818.7,0.69,17.35,77.0,1.724
1974-11-01,1974,11,347.51,819.1,-1.01,15.65,76.2,1.907
1974-12-01,1974,12,346.12,815.9,-3.78,13.13,76.1,1.647
1975-01-01,1975,1,344.62,815.6,-0.6,9.41,75.8,1.741
1975-02-01,1975,2,343.25,812.4,2.35,7.79,78.7,1.965
1975-03-01,1975,3,342.07,816.7,-2.12,7.13,79.5,1.925
1975-04-01,1975,4,341.32,817.7,0.6,7.11,79.9,1.487
1975-05-01,1975,5,342.18,814.8,3.72,9.85,76.4,1.727
1975-06-01,1975,6,343.8,819.6,-0.24,12.63,79.2,1.91
1975-07-01,1975,7,345.55,821.6,0.67,15.19,77.5,1.758
1975-08-01,1975,8,347.57,820.3,0.52,16.74,78.1,1.872
1975-09-01,1975,9,349.13,818.9,-2.42,18.14,81.9,1.994
1975-10-01,1975,10,349.6,823.5,-1.12,17.46,79.4,1.844
1975-11-01,1975,11,349.08,825.0,-0.61,14.89,82.1,1.636
1975-12-01,1975,12,348.19,823.9,-0.43,11.77,76.6,1.875
1976-01-01,1976,1,346.65,823.2,3.2,9.57,80.0,1.929
1976-02-01,1976,2,344.91,822.5,-0.92,7.57,80.4,1.782
1976-03-01,1976,3,343.95,825.0,-1.21,7.27,82.8,1.956
1976-04-01,1976,4,343.4,823.2,-0.47,7.59,81.2,1.718
1976-05-01,1976,5,344.04,824.6,0.02,10.17,77.9,1.737
1976-06-01,1976,6,345.79,828.8,-0.59,12.64,79.7,2.049
1976-07-01,1976,7,347.32,826.9,-2.69,15.21,83.3,1.677
1976-08-01,1976,8,349.56,825.7,-2.04,17.48,82.0,2.01
1976-09-01,1976,9,350.78,826.2,-0.23,18.24,85.4,1.791
1976-10-01,1976,10,351.37,824.5,-1.15,17.94,81.6,1.76
1976-11-01,1976,11,351.07,828.8,3.12,15.62,83.4,1.772
1976-12-01,1976,12,350.14,832.1,2.5,12.12,90.4,1.97
1977-01-01,1977,1,348.39,829.9,-1.97,9.66,84.1,1.813
1977-02-01,1977,2,346.32,832.3,-3.37,7.9,86.1,1.335
1977-03-01,1977,3,345.56,828.6,-3.8,6.94,84.2,1.714
1977-04-01,1977,4,345.58,829.4,-0.71,7.75,86.4,2.045
1977-05-01,1977,5,345.79,830.4,1.3,9.77,95.4,1.634
1977-06-01,1977,6,347.63,829.2,-5.48,12.39,90.6,2.035
1977-07-01,1977,7,349.58,831.4,-2.07,15.57,85.7,2.082
1977-08-01,1977,8,351.28,833.7,-0.99,17.53,90.6,1.874
1977-09-01,1977,9,352.74,835.4,-0.85,17.62,89.3,1.895
1977-10-01,1977,10,353.27,833.6,0.45,17.05,90.5,1.804
1977-11-01,1977,11,352.84,835.0,0.13,15.41,89.6,1.684
1977-12-01,1977,12,351.91,834.5,0.53,12.55,90.7,1.882
1978-01-01,1978,1,350.43,832.6,-3.54,10.11,93.2,1.994
1978-02-01,1978,2,348.85,835.0,2.29,7.7,91.5,2.006
1978-03-01,1978,3,347.47,833.2,2.3,6.79,87.3,1.764
1978-04-01,1978,4,347.2,836.0,1.12,8.01,96.1,1.805
1978-05-01,1978,5,348.03,834.9,-2.85,9.73,91.9,2.013
1978-06-01,1978,6,349.4,836.2,-0.29,12.57,88.0,1.943
1978-07-01,1978,7,351.26,841.9,2.07,15.01,90.2,1.9
1978-08-01,1978,8,353.24,840.1,0.04,17.27,91.5,1.971
1978-09-01,1978,9,354.67,841.7,0.19,17.77,93.5,1.962
1978-10-01,1978,10,355.23,836.7,-3.12,17.4,90.0,1.899
1978-11-01,1978,11,355.09,840.4,-3.06,15.3,95.0,2.069
1978-12-01,1978,12,353.82,842.3,-0.55,12.49,93.0,1.927
1979-01-01,1979,1,352.21,842.4,2.22,9.99,90.5,1.908
1979-02-01,1979,2,350.49,841.4,0.55,8.24,89.1,1.779
1979-03-01,1979,3,349.31,842.7,-0.13,7.16,96.0,1.737
1979-04-01,1979,4,348.99,842.2,3.37,7.46,92.8,1.727
1979-05-01,1979,5,349.82,844.9,-0.85,9.73,93.7,1.934
1979-06-01,1979,6,351.49,844.1,1.02,12.28,95.7,2.164
1979-07-01,1979,7,352.53,846.2,-2.71,14.55,98.9,1.3
1979-08-01,1979,8,355.25,843.4,2.04,17.48,94.7,2.111
1979-09-01,1979,9,356.32,845.1,1.27,18.49,101.2,1.741
1979-10-01,1979,10,357.22,843.4,3.46,17.42,95.3,2.017
1979-11-01,1979,11,356.81,845.6,-2.17,15.19,95.3,1.917
1979-12-01,1979,12,355.58,842.7,0.65,12.56,97.1,1.814
1980-01-01,1980,1,354.24,846.9,3.61,9.79,98.4,2.065
1980-02-01,1980,2,352.39,846.7,1.57,7.48,96.8,1.805
1980-03-01,1980,3,351.12,846.6,0.93,7.46,102.2,1.667
1980-04-01,1980,4,350.95,846.8,3.23,7.58,101.0,1.806
1980-05-01,1980,5,351.59,848.6,-2.31,9.69,104.4,1.823
1980-06-01,1980,6,352.89,850.2,1.41,12.56,98.2,1.682
1980-07-01,1980,7,355.31,849.8,3.91,14.51,98.2,2.198
1980-08-01,1980,8,357.17,850.0,-0.15,16.61,99.9,2.148
1980-09-01,1980,9,358.19,849.5,-2.38,18.05,105.4,1.727
1980-10-01,1980,10,358.9,852.7,0.03,17.21,105.7,1.813
1980-11-01,1980,11,358.52,850.7,-0.18,14.95,105.0,1.742
1980-12-01,1980,12,357.61,851.9,2.95,12.39,106.2,1.959
1981-01-01,1981,1,355.94,851.9,2.17,9.6,105.6,1.879
1981-02-01,1981,2,354.32,849.9,3.07,7.25,103.4,1.849
1981-03-01,1981,3,353.28,854.7,-0.84,7.09,109.1,1.945
1981-04-01,1981,4,352.96,854.5,3.19,7.98,102.9,1.934
1981-05-01,1981,5,353.74,854.7,-0.6,9.6,104.0,2.09
1981-06-01,1981,6,354.81,854.4,-0.31,12.18,103.7,1.718
1981-07-01,1981,7,357.06,856.5,-2.04,15.19,108.9,2.063
1981-08-01,1981,8,358.74,853.2,-4.21,17.1,105.7,1.833
1981-09-01,1981,9,360.22,854.9,-0.09,17.54,106.4,1.871
1981-10-01,1981,10,360.71,855.5,-1.44,17.33,104.3,1.737
1981-11-01,1981,11,360.54,858.2,-0.26,15.28,109.6,1.876
1981-12-01,1981,12,359.41,857.4,-1.6,12.59,105.5,1.871
1982-01-01,1982,1,358.0,858.4,1.37,9.72,109.0,2.051
1982-02-01,1982,2,356.1,862.3,0.46,7.64,109.5,1.74
1982-03-01,1982,3,355.09,862.1,1.93,7.18,105.9,1.866
1982-04-01,1982,4,355.0,859.4,-1.22,7.48,108.7,2.084
1982-05-01,1982,5,355.76,858.5,1.23,9.44,105.9,2.22
1982-06-01,1982,6,357.03,861.7,3.84,12.47,111.8,2.048
1982-07-01,1982,7,358.77,862.2,-2.13,15.08,107.9,1.882
1982-08-01,1982,8,360.54,858.7,3.65,17.06,105.5,1.741
1982-09-01,1982,9,362.13,864.4,5.41,17.78,108.5,1.889
1982-10-01,1982,10,362.48,863.0,1.17,16.69,109.9,1.614
1982-11-01,1982,11,362.41,861.6,-0.56,15.17,108.2,1.852
1982-12-01,1982,12,361.24,865.1,0.73,12.42,109.1,1.807
1983-01-01,1983,1,359.74,865.2,-0.76,9.78,108.6,1.896
1983-02-01,1983,2,358.23,862.7,-0.73,7.68,115.8,1.975
1983-03-01,1983,3,356.93,863.4,0.43,6.36,109.3,1.81
1983-04-01,1983,4,356.53,866.9,-1.29,7.71,115.7,1.718
1983-05-01,1983,5,357.57,868.9,0.58,8.77,109.1,2.133
1983-06-01,1983,6,359.12,865.5,-4.9,12.47,115.0,2.24
1983-07-01,1983,7,360.73,868.2,-2.39,14.76,120.7,1.944
1983-08-01,1983,8,362.54,869.2,1.62,17.07,110.1,1.843
1983-09-01,1983,9,364.05,865.9,6.42,17.49,115.1,1.91
1983-10-01,1983,10,364.69,868.9,0.23,16.31,115.4,1.925
1983-11-01,1983,11,364.32,871.7,-2.85,14.45,120.7,1.862
1983-12-01,1983,12,363.26,870.3,0.87,12.21,115.2,1.927
1984-01-01,1984,1,361.73,868.7,-2.37,9.31,118.9,1.985
1984-02-01,1984,2,360.03,871.7,-1.77,7.92,114.7,1.873
1984-03-01,1984,3,358.79,868.7,4.76,6.44,111.0,1.763
1984-04-01,1984,4,358.57,876.0,2.45,7.14,115.7,1.85
1984-05-01,1984,5,359.16,872.6,1.7,9.81,118.8,1.814
1984-06-01,1984,6,360.56,872.8,-0.37,12.2,122.1,1.771
1984-07-01,1984,7,362.56,874.1,-0.51,15.23,115.2,1.864
1984-08-01,1984,8,364.7,873.8,-0.95,16.74,119.5,2.092
1984-09-01,1984,9,366.11,871.1,0.3,17.52,117.8,2.059
1984-10-01,1984,10,366.66,874.7,1.77,16.62,119.7,1.983
1984-11-01,1984,11,366.12,873.4,0.21,15.84,120.1,1.75
1984-12-01,1984,12,365.27,873.6,-0.15,11.18,119.8,2.024
1985-01-01,1985,1,363.62,874.1,1.46,9.39,125.2,1.962
1985-02-01,1985,2,361.89,878.6,0.14,7.16,116.4,1.819
1985-03-01,1985,3,360.71,879.9,-1.59,7.1,121.9,1.774
1985-04-01,1985,4,360.74,877.3,1.25,7.13,123.7,2.11
1985-05-01,1985,5,361.17,878.8,0.39,9.07,124.1,1.914
1985-06-01,1985,6,362.66,875.6,0.14,11.96,122.5,1.961
1985-07-01,1985,7,364.45,880.7,3.05,14.52,126.8,1.843
1985-08-01,1985,8,366.59,883.8,0.64,16.67,121.0,2.071
1985-09-01,1985,9,367.9,878.6,-0.41,17.02,121.9,1.937
1985-10-01,1985,10,368.71,883.3,2.06,16.6,127.0,2.121
1985-11-01,1985,11,368.14,877.1,-2.37,14.62,124.4,1.857
1985-12-01,1985,12,366.89,882.0,-0.26,11.77,122.4,1.73
1986-01-01,1986,1,365.17,884.1,-1.35,8.84,132.0,1.598
1986-02-01,1986,2,364.07,880.3,-2.44,7.52,129.1,2.085
1986-03-01,1986,3,362.56,883.3,0.98,7.21,127.2,1.709
1986-04-01,1986,4,362.68,885.5,3.52,7.18,124.6,2.135
1986-05-01,1986,5,362.95,881.7,1.43,9.54,125.0,1.778
1986-06-01,1986,6,364.65,882.3,-1.58,11.67,130.1,2.034
1986-07-01,1986,7,366.39,882.8,-1.4,14.63,126.6,1.866
1986-08-01,1986,8,368.2,886.1,-1.6,16.68,130.9,1.763
1986-09-01,1986,9,369.62,884.9,-4.01,17.53,129.0,1.739
1986-10-01,1986,10,370.59,884.1,2.99,16.58,127.3,2.082
1986-11-01,1986,11,370.19,883.5,-1.27,14.6,127.8,1.988
1986-12-01,1986,12,368.97,885.6,-0.54,11.47,131.7,1.891
1987-01-01,1987,1,367.28,885.8,0.98,9.11,129.9,1.787
1987-02-01,1987,2,365.78,888.3,1.27,7.01,127.4,1.874
1987-03-01,1987,3,364.79,887.7,0.68,6.56,132.0,2.017
1987-04-01,1987,4,364.38,890.7,-2.33,6.88,134.7,1.913
1987-05-01,1987,5,365.14,889.9,-1.06,9.01,129.3,2.046
1987-06-01,1987,6,366.69,885.5,0.8,11.72,135.8,2.151
1987-07-01,1987,7,368.36,891.4,0.38,14.58,132.8,1.913
1987-08-01,1987,8,370.52,893.0,1.21,16.16,136.1,2.159
1987-09-01,1987,9,371.79,889.0,-2.64,17.29,134.7,1.984
1987-10-01,1987,10,372.27,892.9,-1.47,16.38,133.2,1.837
1987-11-01,1987,11,371.94,890.2,-5.89,14.64,139.3,1.812
1987-12-01,1987,12,371.1,895.4,-1.18,12.1,136.8,2.095
1988-01-01,1988,1,369.55,893.5,1.92,8.89,135.1,2.131
1988-02-01,1988,2,367.8,892.6,-2.36,6.82,139.2,1.967
1988-03-01,1988,3,366.73,893.7,1.34,5.87,135.9,2.025
1988-04-01,1988,4,366.45,895.5,3.78,6.7,133.4,2.05
1988-05-01,1988,5,366.85,897.5,3.69,8.52,132.8,1.822
1988-06-01,1988,6,368.58,896.0,-1.13,12.11,136.0,2.107
1988-07-01,1988,7,370.45,900.0,-1.02,14.51,143.6,2.068
1988-08-01,1988,8,372.37,896.7,2.36,16.93,136.7,2.074
1988-09-01,1988,9,373.8,899.4,2.54,17.35,135.4,2.059
1988-10-01,1988,10,374.23,898.4,3.88,16.33,138.2,1.861
1988-11-01,1988,11,373.99,899.5,-1.24,14.27,135.8,1.926
1988-12-01,1988,12,372.61,902.2,-2.08,12.28,137.1,1.668
1989-01-01,1989,1,371.0,895.7,3.45,9.1,140.5,1.643
1989-02-01,1989,2,369.62,896.6,-2.15,7.22,142.8,1.849
1989-03-01,1989,3,368.71,899.3,0.87,6.33,141.7,2.072
1989-04-01,1989,4,368.26,897.7,-1.16,7.25,141.4,1.926
1989-05-01,1989,5,369.07,904.7,0.9,9.35,146.3,2.108
1989-06-01,1989,6,370.41,904.6,3.47,11.87,144.8,2.002
1989-07-01,1989,7,372.61,901.6,-2.87,14.15,145.7,2.293
1989-08-01,1989,8,374.22,899.9,-1.93,16.07,141.0,1.988
1989-09-01,1989,9,375.4,902.7,-0.83,16.84,140.3,1.723
1989-10-01,1989,10,376.39,900.0,3.08,16.1,146.1,2.084
1989-11-01,1989,11,375.77,904.6,0.94,14.44,141.1,1.768
1989-12-01,1989,12,374.99,904.6,0.71,11.27,145.7,2.11
1990-01-01,1990,1,373.36,905.0,-1.69,8.75,144.3,2.065
1990-02-01,1990,2,371.65,907.0,0.9,6.84,140.2,1.94
1990-03-01,1990,3,370.42,902.6,2.09,5.68,143.9,1.842
1990-04-01,1990,4,370.27,909.9,2.83,6.89,147.1,1.996
1990-05-01,1990,5,371.09,906.2,1.07,8.95,140.1,2.188
1990-06-01,1990,6,372.65,909.9,-0.51,11.34,144.1,2.302
1990-07-01,1990,7,374.21,907.1,-3.28,14.49,149.6,1.952
1990-08-01,1990,8,376.09,908.9,-1.89,16.62,147.2,1.917
1990-09-01,1990,9,377.45,908.7,-4.86,17.51,149.2,1.831
1990-10-01,1990,10,378.1,912.8,0.18,16.48,147.9,1.852
1990-11-01,1990,11,377.8,911.4,-0.55,14.37,147.2,1.855
1990-12-01,1990,12,376.84,909.1,-3.28,11.8,149.0,2.017
1991-01-01,1991,1,375.3,914.4,-0.14,9.29,150.3,2.061
1991-02-01,1991,2,373.67,912.1,1.5,6.43,151.2,2.016
1991-03-01,1991,3,372.41,910.0,0.09,5.82,147.3,1.888
1991-04-01,1991,4,372.09,914.3,-0.06,6.54,159.1,1.871
1991-05-01,1991,5,372.72,914.6,-1.99,8.6,148.5,1.872
1991-06-01,1991,6,374.14,912.9,2.29,11.5,151.3,1.846
1991-07-01,1991,7,376.02,911.3,2.8,14.6,152.7,1.815
1991-08-01,1991,8,378.11,913.1,-0.92,16.43,153.5,1.99
1991-09-01,1991,9,379.63,916.0,2.18,17.11,151.7,2.063
1991-10-01,1991,10,379.98,916.8,-2.52,15.85,143.1,1.784
1991-11-01,1991,11,379.79,914.4,-0.13,14.57,155.0,1.897
1991-12-01,1991,12,378.52,917.3,1.39,10.75,155.9,1.748
1992-01-01,1992,1,377.34,920.1,2.43,9.05,153.5,2.152
1992-02-01,1992,2,375.36,919.1,0.8,7.03,152.0,1.756
1992-03-01,1992,3,374.41,916.7,1.34,6.14,159.2,1.932
1992-04-01,1992,4,374.21,916.5,2.49,6.76,154.2,2.035
1992-05-01,1992,5,374.58,918.4,-3.05,8.42,158.7,1.776
1992-06-01,1992,6,376.24,918.1,-0.2,11.66,160.3,1.988
1992-07-01,1992,7,378.12,920.9,0.33,14.48,159.1,1.958
1992-08-01,1992,8,379.72,920.5,-0.03,16.19,156.8,1.642
1992-09-01,1992,9,381.39,922.7,2.32,16.86,159.1,1.865
1992-10-01,1992,10,382.32,925.4,-3.96,15.96,159.8,2.165
1992-11-01,1992,11,381.77,922.4,-1.31,14.24,155.0,1.918
1992-12-01,1992,12,380.6,923.5,0.47,11.85,158.4,1.868
1993-01-01,1993,1,378.8,926.8,-0.75,8.63,156.7,1.652
1993-02-01,1993,2,377.52,924.1,-2.59,7.13,154.3,1.955
1993-03-01,1993,3,376.37,928.3,2.12,5.72,150.8,1.936
1993-04-01,1993,4,376.07,927.3,2.12,6.86,160.6,1.939
1993-05-01,1993,5,376.61,924.5,4.13,8.35,162.0,1.849
1993-06-01,1993,6,378.04,926.8,1.24,11.55,159.7,1.831
1993-07-01,1993,7,380.23,930.9,-0.73,14.17,159.6,2.11
1993-08-01,1993,8,382.07,927.4,-2.74,16.45,160.1,2.034
1993-09-01,1993,9,383.49,929.1,-1.93,17.12,164.6,2.006
1993-10-01,1993,10,383.96,928.7,-2.83,16.81,161.0,1.846
1993-11-01,1993,11,383.54,926.4,-0.71,14.16,161.7,1.728
1993-12-01,1993,12,382.91,928.4,2.3,10.82,166.9,2.218
1994-01-01,1994,1,381.16,929.1,2.45,8.32,164.5,2.051
1994-02-01,1994,2,379.48,932.4,0.62,6.24,157.5,1.955
1994-03-01,1994,3,378.27,929.0,-1.06,5.58,164.6,1.875
1994-04-01,1994,4,378.0,931.7,3.42,7.06,161.9,1.907
1994-05-01,1994,5,378.62,931.9,0.98,8.91,167.9,1.897
1994-06-01,1994,6,380.13,933.2,-1.13,11.02,166.4,1.959
1994-07-01,1994,7,382.3,933.1,3.88,14.19,168.7,2.217
1994-08-01,1994,8,383.89,934.6,-0.43,15.66,162.6,1.89
1994-09-01,1994,9,385.48,931.3,2.17,17.13,160.7,2.032
1994-10-01,1994,10,386.08,931.0,0.59,15.69,166.5,2.002
1994-11-01,1994,11,385.59,935.7,5.34,13.72,160.9,1.813
1994-12-01,1994,12,384.65,935.9,0.26,11.19,165.7,1.993
1995-01-01,1995,1,383.18,936.1,3.7,9.11,162.2,2.106
1995-02-01,1995,2,381.33,938.0,2.69,6.34,172.9,1.838
1995-03-01,1995,3,380.45,938.9,1.65,5.74,168.6,2.088
1995-04-01,1995,4,379.99,936.7,6.74,6.32,171.9,1.93
1995-05-01,1995,5,380.79,934.7,-0.69,8.58,172.5,2.099
1995-06-01,1995,6,381.87,937.7,4.99,11.0,170.3,1.731
1995-07-01,1995,7,384.18,936.6,4.35,14.0,171.6,2.129
1995-08-01,1995,8,386.0,939.9,2.57,15.34,166.5,2.032
1995-09-01,1995,9,387.58,935.4,8.15,16.83,171.1,2.163
1995-10-01,1995,10,387.99,940.5,4.9,16.2,170.7,1.942
1995-11-01,1995,11,387.85,938.5,5.11,13.78,172.8,2.103
1995-12-01,1995,12,386.53,940.5,4.18,10.63,177.3,1.902
1996-01-01,1996,1,384.85,940.4,2.95,8.78,178.2,1.805
1996-02-01,1996,2,383.41,943.3,4.22,6.22,169.8,1.947
1996-03-01,1996,3,382.32,946.0,5.15,5.33,171.3,1.981
1996-04-01,1996,4,381.9,945.6,5.47,5.94,172.0,1.863
1996-05-01,1996,5,382.38,943.1,4.88,8.62,174.3,1.711
1996-06-01,1996,6,384.08,942.0,6.32,11.37,173.0,1.963
1996-07-01,1996,7,386.01,945.6,5.26,13.19,175.4,1.98
1996-08-01,1996,8,387.99,944.6,6.24,16.17,173.2,2.042
1996-09-01,1996,9,389.33,945.1,6.35,15.88,177.9,1.933
1996-10-01,1996,10,390.37,947.0,2.86,15.53,180.4,2.342
1996-11-01,1996,11,389.6,947.0,5.14,14.54,173.6,1.873
1996-12-01,1996,12,388.53,948.6,4.01,11.51,176.8,1.921
1997-01-01,1997,1,386.94,947.6,8.2,8.29,171.1,1.913
1997-02-01,1997,2,385.11,945.9,9.11,6.05,173.0,1.665
1997-03-01,1997,3,384.13,944.8,0.61,5.83,179.1,1.815
1997-04-01,1997,4,383.93,947.4,5.72,6.52,178.3,1.915
1997-05-01,1997,5,384.65,945.3,5.17,8.45,184.5,2.004
1997-06-01,1997,6,386.07,950.5,5.15,11.48,178.4,1.974
1997-07-01,1997,7,388.06,947.1,8.33,13.91,173.8,2.052
1997-08-01,1997,8,389.94,951.5,5.18,16.08,174.1,2.013
1997-09-01,1997,9,391.29,951.2,6.16,16.73,175.4,1.914
1997-10-01,1997,10,392.15,950.6,5.99,16.25,179.0,2.142
1997-11-01,1997,11,391.63,952.9,7.81,13.59,179.5,1.923
1997-12-01,1997,12,390.53,955.1,9.77,11.11,185.2,1.941
1998-01-01,1998,1,388.89,952.7,7.93,8.35,183.6,1.882
1998-02-01,1998,2,387.62,953.1,5.62,6.08,184.8,2.194
1998-03-01,1998,3,386.2,956.4,9.58,5.54,183.2,1.903
1998-04-01,1998,4,385.88,955.4,9.06,6.06,180.5,1.883
1998-05-01,1998,5,386.76,952.5,8.35,8.44,180.8,2.131
1998-06-01,1998,6,388.2,959.0,9.26,11.25,176.8,2.121
1998-07-01,1998,7,390.03,955.8,6.82,13.6,187.5,2.038
1998-08-01,1998,8,391.72,957.2,9.55,15.63,179.0,1.809
1998-09-01,1998,9,393.18,959.9,6.82,16.09,180.5,1.82
1998-10-01,1998,10,394.11,960.6,8.22,15.94,183.9,2.117
1998-11-01,1998,11,393.84,961.3,5.87,13.81,184.6,2.147
1998-12-01,1998,12,392.71,955.4,9.74,10.87,182.7,2.135
1999-01-01,1999,1,391.18,958.9,8.17,8.15,187.9,2.186
1999-02-01,1999,2,389.24,961.5,12.26,6.34,183.1,1.827
1999-03-01,1999,3,388.25,958.0,8.38,5.2,182.6,1.966
1999-04-01,1999,4,388.11,960.3,6.29,6.14,182.5,2.126
1999-05-01,1999,5,388.65,960.5,10.84,8.41,186.4,2.033
1999-06-01,1999,6,389.93,961.2,9.76,10.65,184.6,1.863
1999-07-01,1999,7,391.99,965.4,4.99,14.03,186.4,2.01
1999-08-01,1999,8,393.69,958.9,11.06,15.7,189.2,1.791
1999-09-01,1999,9,395.33,963.7,9.44,15.93,190.7,1.98
1999-10-01,1999,10,395.96,964.2,12.41,15.21,191.0,1.978
1999-11-01,1999,11,395.71,961.0,15.28,13.53,190.9,2.027
1999-12-01,1999,12,394.6,966.9,12.09,10.92,192.8,2.035
2000-01-01,2000,1,392.89,968.7,6.83,8.65,190.7,1.905
2000-02-01,2000,2,391.48,963.2,11.97,6.21,192.5,2.076
2000-03-01,2000,3,390.05,965.1,12.35,4.61,184.5,1.769
2000-04-01,2000,4,390.21,967.6,9.41,6.03,190.6,2.228
2000-05-01,2000,5,390.72,965.7,10.32,8.24,190.1,2.105
2000-06-01,2000,6,391.9,967.3,9.68,10.76,190.6,1.835
2000-07-01,2000,7,394.06,963.5,11.96,13.5,187.7,2.081
2000-08-01,2000,8,396.22,971.1,9.79,14.93,196.5,2.321
2000-09-01,2000,9,397.28,964.8,9.55,16.26,194.9,1.931
2000-10-01,2000,10,397.86,969.6,11.17,15.42,192.4,1.878
2000-11-01,2000,11,397.78,971.1,16.07,13.29,192.1,2.097
2000-12-01,2000,12,396.3,966.0,12.52,9.98,192.6,1.734
2001-01-01,2001,1,395.07,974.1,11.11,7.94,194.1,2.084
2001-02-01,2001,2,393.46,969.3,14.06,5.84,190.0,2.055
2001-03-01,2001,3,392.25,973.1,13.71,5.24,194.1,1.972
2001-04-01,2001,4,391.89,969.7,14.45,6.6,195.4,1.911
2001-05-01,2001,5,392.28,971.4,12.97,8.32,195.4,1.668
2001-06-01,2001,6,394.02,972.2,12.96,10.55,192.4,1.957
2001-07-01,2001,7,395.98,971.5,11.52,12.9,199.8,2.003
2001-08-01,2001,8,398.15,973.5,14.45,15.4,195.4,2.253
2001-09-01,2001,9,399.38,978.4,12.47,15.83,198.1,2.032
2001-10-01,2001,10,399.67,976.3,16.38,15.42,199.0,1.688
2001-11-01,2001,11,399.45,975.2,11.23,13.71,198.8,1.767
2001-12-01,2001,12,398.53,977.9,16.47,10.85,197.1,1.964
2002-01-01,2002,1,396.94,979.6,14.44,7.81,199.1,1.954
2002-02-01,2002,2,395.47,977.7,16.76,5.76,200.7,2.064
2002-03-01,2002,3,394.26,976.6,16.39,4.94,198.5,1.981
2002-04-01,2002,4,393.93,981.7,16.31,5.95,199.3,1.95
2002-05-01,2002,5,394.94,979.6,13.6,8.4,201.2,2.326
2002-06-01,2002,6,396.11,978.7,15.43,10.15,198.3,2.045
2002-07-01,2002,7,398.08,979.2,15.83,13.82,199.1,2.1
2002-08-01,2002,8,399.81,980.4,17.91,15.18,204.3,1.91
2002-09-01,2002,9,401.57,979.8,14.86,15.89,199.1,2.218
2002-10-01,2002,10,402.05,982.7,12.9,15.37,200.9,2.064
2002-11-01,2002,11,401.51,987.2,14.06,13.69,202.9,1.823
2002-12-01,2002,12,400.35,980.8,16.72,10.71,204.0,1.779
2003-01-01,2003,1,398.93,982.7,16.68,7.4,205.3,1.939
2003-02-01,2003,2,397.35,983.6,18.64,6.26,201.7,1.938
2003-03-01,2003,3,396.07,979.8,14.4,5.33,203.9,1.785
2003-04-01,2003,4,395.95,985.5,17.08,5.86,207.1,1.963
2003-05-01,2003,5,396.85,983.4,17.44,7.62,203.1,2.229
2003-06-01,2003,6,398.28,987.0,17.83,10.86,205.6,2.208
2003-07-01,2003,7,399.92,987.1,19.12,13.65,198.5,1.933
2003-08-01,2003,8,402.22,985.0,19.81,15.29,205.3,2.312
2003-09-01,2003,9,403.37,989.1,19.83,15.91,202.6,2.01
2003-10-01,2003,10,403.91,987.8,14.36,14.66,209.0,1.916
2003-11-01,2003,11,403.64,990.2,18.01,13.33,204.8,1.944
2003-12-01,2003,12,402.72,990.0,18.48,10.66,204.6,2.14
2004-01-01,2004,1,401.12,990.3,18.53,8.04,207.0,2.119
2004-02-01,2004,2,399.49,989.7,17.09,5.53,204.7,2.068
2004-03-01,2004,3,398.17,989.5,21.21,4.92,208.3,1.869
2004-04-01,2004,4,397.78,988.2,19.06,5.55,211.4,1.777
2004-05-01,2004,5,398.74,984.5,19.32,7.82,210.3,2.103
2004-06-01,2004,6,400.26,990.9,20.87,10.89,209.9,2.171
2004-07-01,2004,7,402.09,993.4,23.7,13.69,209.5,2.085
2004-08-01,2004,8,403.78,992.2,21.31,15.11,208.6,1.854
2004-09-01,2004,9,405.36,991.9,17.82,16.24,212.9,1.982
2004-10-01,2004,10,406.14,995.1,20.45,14.82,212.3,2.127
2004-11-01,2004,11,405.81,995.6,18.56,13.27,210.5,2.095
2004-12-01,2004,12,404.38,992.6,18.81,10.56,207.7,1.78
2005-01-01,2005,1,403.16,991.9,16.77,7.38,214.2,2.139
2005-02-01,2005,2,401.49,996.5,23.82,5.46,215.6,2.048
2005-03-01,2005,3,400.42,997.0,23.02,4.69,216.2,2.104
2005-04-01,2005,4,400.3,994.2,23.1,6.02,217.3,2.282
2005-05-01,2005,5,400.86,997.0,18.37,7.14,213.7,2.207
2005-06-01,2005,6,402.26,997.7,23.22,10.73,214.7,2.154
2005-07-01,2005,7,404.11,1000.8,21.78,13.19,210.3,2.088
2005-08-01,2005,8,405.82,996.0,23.57,14.93,211.1,1.877
2005-09-01,2005,9,407.31,996.1,24.3,16.24,214.1,1.914
2005-10-01,2005,10,407.86,1000.4,24.92,15.37,215.2,1.829
2005-11-01,2005,11,407.56,996.7,21.5,12.55,216.7,1.827
2005-12-01,2005,12,406.54,999.6,25.44,10.01,218.6,1.922
2006-01-01,2006,1,405.1,999.5,22.76,7.95,214.1,2.06
2006-02-01,2006,2,403.42,1007.8,25.01,5.85,219.7,1.958
2006-03-01,2006,3,402.08,997.1,23.26,4.88,214.2,1.744
2006-04-01,2006,4,402.05,1003.5,26.95,5.61,218.7,2.012
2006-05-01,2006,5,402.68,1001.8,24.04,7.91,220.0,2.006
2006-06-01,2006,6,404.0,1005.2,22.88,10.2,216.4,1.874
2006-07-01,2006,7,406.14,1002.7,26.26,13.26,220.5,2.097
2006-08-01,2006,8,407.88,1004.1,26.48,15.2,220.8,1.915
2006-09-01,2006,9,409.6,1004.5,24.83,16.24,214.7,2.182
2006-10-01,2006,10,410.08,1009.4,22.76,14.58,220.9,2.027
2006-11-01,2006,11,409.87,1006.6,26.72,13.44,221.5,2.114
2006-12-01,2006,12,408.5,1006.6,22.24,10.4,218.6,1.859
2007-01-01,2007,1,407.12,1007.0,24.61,7.68,223.9,2.057
2007-02-01,2007,2,405.55,1003.9,27.98,5.15,218.3,2.065
2007-03-01,2007,3,404.25,1008.2,25.77,5.12,223.8,1.89
2007-04-01,2007,4,404.03,1006.8,27.48,5.89,221.7,1.967
2007-05-01,2007,5,405.03,1008.7,26.46,7.52,223.5,2.332
2007-06-01,2007,6,406.27,1008.3,22.67,10.68,220.3,2.118
2007-07-01,2007,7,408.06,1011.4,27.66,12.96,223.1,1.992
2007-08-01,2007,8,409.68,1008.7,25.29,15.26,222.6,1.69
2007-09-01,2007,9,411.65,1006.4,28.34,15.62,223.0,2.206
2007-10-01,2007,10,412.18,1009.3,28.48,15.03,222.6,2.101
2007-11-01,2007,11,411.87,1012.1,27.75,12.79,223.0,2.087
2007-12-01,2007,12,410.88,1011.3,30.45,10.07,216.8,2.212
2008-01-01,2008,1,409.19,1013.7,28.58,6.93,227.9,2.099
2008-02-01,2008,2,407.63,1012.4,27.06,4.86,225.0,2.117
2008-03-01,2008,3,406.47,1014.5,28.87,4.48,229.0,2.076
2008-04-01,2008,4,405.98,1019.2,28.53,5.43,226.0,1.883
2008-05-01,2008,5,406.8,1015.3,27.15,7.51,229.9,2.067
2008-06-01,2008,6,408.16,1017.6,29.59,10.14,226.9,1.973
2008-07-01,2008,7,410.3,1014.6,28.84,12.88,231.4,2.196
2008-08-01,2008,8,411.95,1014.4,29.07,14.58,227.4,1.924
2008-09-01,2008,9,413.54,1018.8,29.18,15.78,225.1,2.06
2008-10-01,2008,10,414.19,1017.3,29.78,14.83,236.5,2.074
2008-11-01,2008,11,413.92,1014.2,32.18,12.95,228.1,2.1
2008-12-01,2008,12,412.72,1020.4,31.06,10.4,228.4,2.014
2009-01-01,2009,1,411.13,1019.3,36.15,6.78,232.2,2.002
2009-02-01,2009,2,409.62,1017.2,32.76,5.28,231.6,2.069
2009-03-01,2009,3,408.44,1021.0,29.84,4.96,233.3,2.014
2009-04-01,2009,4,408.12,1021.3,29.95,5.04,229.2,1.99
2009-05-01,2009,5,409.06,1022.5,32.54,7.42,223.9,2.294
2009-06-01,2009,6,410.33,1019.0,32.44,10.06,230.5,2.11
2009-07-01,2009,7,412.03,1019.5,30.57,12.9,229.7,1.892
2009-08-01,2009,8,414.09,1022.5,32.47,15.07,232.1,2.029
2009-09-01,2009,9,415.32,1020.6,32.22,15.62,232.4,1.805
2009-10-01,2009,10,416.08,1020.3,31.5,14.75,235.4,1.929
2009-11-01,2009,11,416.19,1024.5,29.88,12.91,235.3,2.335
2009-12-01,2009,12,414.68,1022.5,35.76,10.04,228.0,1.938
2010-01-01,2010,1,413.14,1022.3,37.59,7.31,238.7,1.975
2010-02-01,2010,2,411.67,1022.0,34.97,4.95,238.3,2.082
2010-03-01,2010,3,410.47,1024.4,36.08,4.73,227.9,2.007
2010-04-01,2010,4,410.27,1027.0,31.92,4.92,234.6,2.103
2010-05-01,2010,5,410.6,1028.7,31.18,7.1,232.7,1.796
2010-06-01,2010,6,412.21,1026.5,35.32,9.67,239.6,1.952
2010-07-01,2010,7,414.27,1028.2,32.75,12.76,236.4,2.094
2010-08-01,2010,8,416.08,1031.2,30.63,14.65,237.6,1.981
2010-09-01,2010,9,417.77,1026.0,30.13,15.42,235.6,2.216
2010-10-01,2010,10,418.23,1026.6,33.2,14.93,235.6,2.039
2010-11-01,2010,11,417.92,1022.7,34.14,12.41,235.3,2.025
2010-12-01,2010,12,416.85,1029.7,34.93,10.1,236.9,2.068
2011-01-01,2011,1,415.46,1028.7,37.42,7.17,237.0,2.255
2011-02-01,2011,2,413.72,1032.8,34.37,5.18,242.1,2.091
2011-03-01,2011,3,412.52,1031.8,34.55,4.82,235.0,2.016
2011-04-01,2011,4,412.42,1033.6,34.39,5.67,240.8,2.211
2011-05-01,2011,5,412.97,1035.1,37.4,6.66,242.6,2.124
2011-06-01,2011,6,414.25,1034.1,36.78,10.18,235.9,1.949
2011-07-01,2011,7,416.32,1036.2,39.46,12.58,241.2,2.101
2011-08-01,2011,8,417.88,1035.8,36.61,14.79,236.5,1.738
2011-09-01,2011,9,420.3,1034.9,35.19,15.24,238.9,2.703
2011-10-01,2011,10,420.16,1037.0,36.42,14.88,236.3,1.926
2011-11-01,2011,11,419.92,1036.5,37.86,12.7,243.7,1.981
2011-12-01,2011,12,419.15,1036.6,37.06,10.11,244.9,2.324
2012-01-01,2012,1,417.15,1037.6,36.37,6.7,244.6,1.9
2012-02-01,2012,2,415.67,1034.4,38.36,4.41,238.5,1.996
2012-03-01,2012,3,414.74,1038.2,38.32,4.22,241.7,2.185
2012-04-01,2012,4,414.27,1037.1,39.95,5.15,242.6,2.01
2012-05-01,2012,5,414.93,1039.6,42.42,6.62,246.3,2.032
2012-06-01,2012,6,416.48,1038.3,40.38,9.28,245.3,2.127
2012-07-01,2012,7,418.35,1042.4,40.61,13.26,245.6,2.079
2012-08-01,2012,8,420.07,1038.1,42.62,14.75,249.6,1.875
2012-09-01,2012,9,421.84,1039.3,37.62,15.23,249.0,2.19
2012-10-01,2012,10,422.19,1040.7,36.3,14.54,246.8,1.902
2012-11-01,2012,11,422.03,1042.5,41.33,12.3,248.3,2.037
2012-12-01,2012,12,420.87,1042.5,39.11,10.1,247.3,1.99
2013-01-01,2013,1,419.38,1044.0,41.65,6.92,251.0,2.076
2013-02-01,2013,2,417.81,1043.9,37.68,4.81,246.7,2.081
2013-03-01,2013,3,416.6,1045.5,41.65,4.14,249.1,1.995
2013-04-01,2013,4,416.14,1044.4,39.56,4.72,245.3,1.83
2013-05-01,2013,5,417.23,1042.0,44.47,6.68,247.7,2.282
2013-06-01,2013,6,418.59,1048.4,42.19,9.79,252.6,2.187
2013-07-01,2013,7,420.31,1046.9,39.3,12.4,248.6,1.988
2013-08-01,2013,8,422.43,1045.8,42.5,14.68,251.7,2.184
2013-09-01,2013,9,423.69,1047.6,44.77,15.06,255.6,1.988
2013-10-01,2013,10,424.34,1050.4,46.36,13.85,248.2,2.0
2013-11-01,2013,11,424.28,1050.4,44.44,12.0,250.8,2.235
2013-12-01,2013,12,422.96,1047.6,43.99,9.8,248.7,2.027
2014-01-01,2014,1,421.62,1047.4,40.91,6.79,252.1,2.263
2014-02-01,2014,2,419.74,1053.4,46.32,5.01,257.6,1.958
2014-03-01,2014,3,418.6,1048.9,45.19,4.26,251.2,1.942
2014-04-01,2014,4,418.25,1048.3,46.09,4.45,251.6,1.886
2014-05-01,2014,5,419.22,1050.9,43.64,6.97,250.3,2.218
2014-06-01,2014,6,420.78,1049.3,50.9,9.41,251.5,2.322
2014-07-01,2014,7,422.82,1054.4,43.73,11.96,250.0,2.443
2014-08-01,2014,8,424.69,1050.8,45.94,14.0,254.9,2.388
2014-09-01,2014,9,425.79,1052.4,42.78,15.27,254.8,2.033
2014-10-01,2014,10,426.55,1054.9,44.73,14.99,259.8,2.155
2014-11-01,2014,11,426.02,1052.1,46.58,12.35,258.0,1.919
2014-12-01,2014,12,425.11,1051.5,47.82,9.58,250.4,2.121
2015-01-01,2015,1,423.6,1051.7,46.65,7.88,251.0,2.186
2015-02-01,2015,2,422.13,1055.9,45.94,4.81,261.7,2.291
2015-03-01,2015,3,420.55,1057.4,48.23,4.27,258.0,1.834
2015-04-01,2015,4,420.59,1055.5,46.55,4.52,257.6,2.168
2015-05-01,2015,5,421.0,1059.7,44.11,7.39,257.8,1.94
2015-06-01,2015,6,422.48,1058.5,45.79,9.52,254.7,1.964
2015-07-01,2015,7,424.64,1056.8,51.79,11.83,258.8,2.204
2015-08-01,2015,8,426.23,1058.4,47.89,14.79,260.2,1.869
2015-09-01,2015,9,427.77,1061.4,50.04,15.04,259.5,1.953
2015-10-01,2015,10,428.59,1062.7,45.71,14.35,253.3,2.135
2015-11-01,2015,11,428.26,1062.6,49.87,12.66,261.0,2.098
2015-12-01,2015,12,427.2,1061.1,48.31,9.58,261.8,2.15
2016-01-01,2016,1,425.54,1060.9,48.21,7.16,255.0,2.065
2016-02-01,2016,2,424.21,1061.6,52.89,4.85,263.0,2.309
2016-03-01,2016,3,423.11,1060.8,52.15,3.75,262.9,2.327
2016-04-01,2016,4,422.56,1060.5,52.07,4.78,266.1,2.07
2016-05-01,2016,5,423.11,1066.2,53.8,6.22,264.2,1.982
2016-06-01,2016,6,424.5,1061.8,48.49,9.55,263.0,1.915
2016-07-01,2016,7,426.52,1067.5,49.68,12.7,263.2,2.016
2016-08-01,2016,8,428.38,1064.5,53.25,14.44,264.3,1.95
2016-09-01,2016,9,430.07,1066.1,49.37,15.35,261.2,2.184
2016-10-01,2016,10,430.75,1068.2,51.99,13.88,261.2,2.225
2016-11-01,2016,11,430.43,1063.7,52.95,12.1,264.1,2.198
2016-12-01,2016,12,429.26,1069.7,50.65,9.38,265.9,2.14
2017-01-01,2017,1,427.4,1065.1,53.65,6.66,268.1,1.854
2017-02-01,2017,2,426.4,1067.9,53.22,5.0,262.6,2.429
2017-03-01,2017,3,425.14,1066.8,52.17,3.41,261.7,2.291
2017-04-01,2017,4,424.59,1067.7,54.78,4.7,272.6,2.034
2017-05-01,2017,5,425.14,1066.1,54.72,6.32,267.3,1.945
2017-06-01,2017,6,426.77,1071.5,52.77,9.44,267.0,2.119
2017-07-01,2017,7,428.82,1066.5,52.31,12.3,265.9,2.249
2017-08-01,2017,8,430.69,1067.7,57.35,14.33,271.5,2.193
2017-09-01,2017,9,432.25,1068.4,52.8,15.39,267.6,2.296
2017-10-01,2017,10,432.68,1069.9,52.79,14.3,269.4,2.087
2017-11-01,2017,11,432.26,1071.0,55.5,12.19,263.4,1.96
2017-12-01,2017,12,431.12,1068.5,53.79,8.97,268.2,1.931
2018-01-01,2018,1,429.73,1075.6,58.12,6.39,270.8,2.115
2018-02-01,2018,2,427.93,1073.3,55.18,4.41,273.8,1.889
2018-03-01,2018,3,427.14,1074.1,55.5,4.23,272.6,2.222
2018-04-01,2018,4,426.75,1074.0,59.21,4.72,274.3,2.125
2018-05-01,2018,5,427.18,1076.3,57.18,6.75,271.2,1.915
2018-06-01,2018,6,428.74,1072.7,58.59,9.21,271.4,2.018
2018-07-01,2018,7,431.02,1079.6,61.46,11.82,268.4,2.378
2018-08-01,2018,8,432.46,1076.3,59.29,14.23,274.0,1.892
2018-09-01,2018,9,433.95,1078.7,62.09,14.69,268.9,1.925
2018-10-01,2018,10,434.93,1074.7,57.41,14.09,270.0,2.265
2018-11-01,2018,11,434.55,1079.1,54.36,11.58,275.7,2.178
2018-12-01,2018,12,433.35,1079.1,58.93,9.31,273.2,2.089
2019-01-01,2019,1,431.46,1079.0,60.39,6.62,276.3,1.773
2019-02-01,2019,2,430.26,1079.8,58.66,4.69,271.4,2.146
2019-03-01,2019,3,428.88,1077.3,63.05,3.73,276.3,1.888
2019-04-01,2019,4,428.75,1078.6,60.19,4.57,275.2,2.051
2019-05-01,2019,5,429.14,1081.0,53.48,6.82,276.4,1.801
2019-06-01,2019,6,431.04,1081.5,61.77,9.3,279.0,2.244
2019-07-01,2019,7,432.76,1082.9,59.13,12.09,276.1,2.043
2019-08-01,2019,8,434.71,1084.2,58.59,14.05,272.9,2.067
2019-09-01,2019,9,436.12,1080.8,60.44,14.88,282.9,2.019
2019-10-01,2019,10,436.69,1084.3,64.06,13.88,278.6,1.95
2019-11-01,2019,11,436.35,1082.8,61.99,12.02,275.0,1.902
2019-12-01,2019,12,435.22,1084.4,63.48,9.33,284.3,1.882
2020-01-01,2020,1,433.8,1085.0,62.12,6.15,284.4,2.036
2020-02-01,2020,2,432.17,1083.5,66.44,4.59,284.0,1.979
2020-03-01,2020,3,431.16,1090.1,64.13,3.86,283.5,2.085
2020-04-01,2020,4,431.03,1087.0,65.45,4.34,284.3,2.248
2020-05-01,2020,5,431.48,1086.2,62.46,6.72,277.8,2.058
2020-06-01,2020,6,432.83,1085.7,69.16,9.84,281.9,1.95
2020-07-01,2020,7,434.83,1089.9,64.29,11.68,287.0,2.029
2020-08-01,2020,8,436.87,1090.4,61.61,14.33,274.5,2.142
2020-09-01,2020,9,438.07,1085.9,64.09,14.78,281.2,1.885
2020-10-01,2020,10,439.15,1088.6,68.19,13.98,281.8,2.325
2020-11-01,2020,11,438.57,1092.8,64.75,11.64,277.5,2.037
2020-12-01,2020,12,437.47,1086.9,63.99,9.35,280.2,2.047
2021-01-01,2021,1,435.84,1089.1,67.48,6.53,287.9,1.99
2021-02-01,2021,2,434.13,1093.3,62.33,3.92,283.4,1.853
2021-03-01,2021,3,433.11,1091.6,66.29,3.73,279.0,1.954
2021-04-01,2021,4,432.88,1090.1,65.98,4.01,286.7,2.016
2021-05-01,2021,5,433.37,1093.3,67.24,6.22,290.7,1.866
2021-06-01,2021,6,434.89,1089.8,68.12,9.61,283.4,1.928
2021-07-01,2021,7,437.05,1091.1,67.78,12.05,288.5,2.167
2021-08-01,2021,8,438.76,1095.8,68.36,13.77,282.8,1.95
2021-09-01,2021,9,440.33,1094.8,68.5,14.83,286.3,2.062
2021-10-01,2021,10,440.68,1094.8,69.3,13.85,285.9,1.771
2021-11-01,2021,11,440.42,1098.7,67.77,11.96,287.1,1.803
2021-12-01,2021,12,439.44,1096.7,70.58,8.75,287.2,1.933
2022-01-01,2022,1,438.0,1095.1,69.41,5.98,288.8,2.066
2022-02-01,2022,2,436.56,1097.0,70.91,3.96,287.0,2.199
2022-03-01,2022,3,435.75,1096.5,68.26,3.78,283.4,2.51
2022-04-01,2022,4,435.17,1097.4,69.97,4.21,288.2,2.221
2022-05-01,2022,5,436.05,1096.1,70.71,6.7,293.3,2.461
2022-06-01,2022,6,437.0,1101.6,71.16,9.47,291.6,1.952
2022-07-01,2022,7,438.89,1100.6,71.47,12.13,288.6,1.921
2022-08-01,2022,8,440.91,1102.4,70.83,13.41,292.7,2.014
2022-09-01,2022,9,442.44,1100.9,74.88,14.72,290.4,2.085
2022-10-01,2022,10,443.22,1102.7,71.15,13.98,286.7,2.225
2022-11-01,2022,11,442.66,1099.6,74.14,12.07,286.7,1.956
2022-12-01,2022,12,441.79,1101.4,71.11,9.13,289.6,2.195
2023-01-01,2023,1,440.2,1103.0,68.76,6.56,291.8,2.178
2023-02-01,2023,2,438.56,1103.9,75.72,3.76,295.8,2.11
2023-03-01,2023,3,437.59,1105.1,72.43,2.94,293.1,2.261
2023-04-01,2023,4,437.06,1103.8,75.16,4.06,298.4,2.023
2023-05-01,2023,5,437.59,1105.4,76.84,5.71,295.1,1.912
2023-06-01,2023,6,439.14,1105.7,75.38,9.26,299.7,2.003
2023-07-01,2023,7,441.05,1105.4,74.12,11.75,297.1,1.991
2023-08-01,2023,8,442.99,1109.3,76.35,13.14,295.8,2.004
2023-09-01,2023,9,444.42,1106.6,75.32,14.55,295.9,1.975
2023-10-01,2023,10,445.28,1110.8,76.32,13.44,293.9,2.194
2023-11-01,2023,11,444.85,1109.0,77.29,11.41,300.5,2.055
2023-12-01,2023,12,443.82,1106.5,79.27,8.55,295.4,2.134
2024-01-01,2024,1,442.26,1111.3,76.62,5.48,301.7,2.146
2024-02-01,2024,2,440.5,1111.3,73.6,4.29,297.7,1.959
2024-03-01,2024,3,439.52,1110.7,75.92,3.53,294.6,2.093
2024-04-01,2024,4,439.28,1113.5,81.81,4.21,294.2,2.144
2024-05-01,2024,5,439.87,1108.3,81.18,6.15,298.0,2.093
2024-06-01,2024,6,441.31,1112.6,80.88,8.91,295.1,2.074
2024-07-01,2024,7,443.31,1110.5,80.28,11.79,301.7,2.152
2024-08-01,2024,8,445.01,1110.7,75.66,13.29,300.9,1.924
2024-09-01,2024,9,446.55,1115.3,82.85,13.85,303.6,2.005
2024-10-01,2024,10,447.17,1113.0,79.28,13.72,299.3,1.984
2024-11-01,2024,11,447.04,1109.9,84.22,11.37,303.8,2.145
2024-12-01,2024,12,446.06,1116.6,76.71,8.7,300.9,2.274
